"","medal_type","medal_code","medal_date","last_name","first_name","athlete_sex","event","country","discipline"
"1","Gold","1",2022-02-04,"ECKHOFF","Tiril","O","Mixed Relay 4x6km (W+M)","Norway","Biathlon"
"2","Gold","1",2022-02-04,"ROEISELAND","Marte Olsbu","O","Mixed Relay 4x6km (W+M)","Norway","Biathlon"
"3","Gold","1",2022-02-04,"BOE","Tarjei","O","Mixed Relay 4x6km (W+M)","Norway","Biathlon"
"4","Gold","1",2022-02-04,"BOE","Johannes Thingnes","O","Mixed Relay 4x6km (W+M)","Norway","Biathlon"
"5","Silver","2",2022-02-04,"CHEVALIER-BOUCHET","Anais","O","Mixed Relay 4x6km (W+M)","France","Biathlon"
"6","Silver","2",2022-02-04,"FILLON","MAILLET Quentin","O","Mixed Relay 4x6km (W+M)","France","Biathlon"
"7","Silver","2",2022-02-04,"JACQUELIN","Emilien","O","Mixed Relay 4x6km (W+M)","France","Biathlon"
"8","Silver","2",2022-02-04,"SIMON","Julia","O","Mixed Relay 4x6km (W+M)","France","Biathlon"
"9","Bronze","3",2022-02-04,"NIGMATULLINA","Uliana","O","Mixed Relay 4x6km (W+M)","Russian Olympic Committee","Biathlon"
"10","Bronze","3",2022-02-04,"REZTSOVA","Kristina","O","Mixed Relay 4x6km (W+M)","Russian Olympic Committee","Biathlon"
"11","Bronze","3",2022-02-04,"LATYPOV","Eduard","O","Mixed Relay 4x6km (W+M)","Russian Olympic Committee","Biathlon"
"12","Bronze","3",2022-02-04,"LOGINOV","Alexander","O","Mixed Relay 4x6km (W+M)","Russian Olympic Committee","Biathlon"
"13","Gold","1",2022-02-04,"JOHAUG","Therese","W","Women's 7.5km + 7.5km Skiathlon","Norway","Cross-Country Skiing"
"14","Silver","2",2022-02-04,"NEPRYAEVA","Natalia","W","Women's 7.5km + 7.5km Skiathlon","Russian Olympic Committee","Cross-Country Skiing"
"15","Bronze","3",2022-02-04,"STADLOBER","Teresa","W","Women's 7.5km + 7.5km Skiathlon","Austria","Cross-Country Skiing"
"16","Gold","1",2022-02-04,"WALLBERG","Walter","M","Men's Moguls","Sweden","Freestyle Skiing"
"17","Silver","2",2022-02-04,"KINGSBURY","Mikael","M","Men's Moguls","Canada","Freestyle Skiing"
"18","Bronze","3",2022-02-04,"HORISHIMA","Ikuma","M","Men's Moguls","Japan","Freestyle Skiing"
"19","Gold","1",2022-02-04,"WU","Dajing","O","Mixed Team Relay","People's Republic of China","Short Track Speed Skating"
"20","Gold","1",2022-02-04,"REN","Ziwei","O","Mixed Team Relay","People's Republic of China","Short Track Speed Skating"
"21","Gold","1",2022-02-04,"ZHANG","Yuting","O","Mixed Team Relay","People's Republic of China","Short Track Speed Skating"
"22","Gold","1",2022-02-04,"QU","Chunyu","O","Mixed Team Relay","People's Republic of China","Short Track Speed Skating"
"23","Gold","1",2022-02-04,"FAN","Kexin","O","Mixed Team Relay","People's Republic of China","Short Track Speed Skating"
"24","Silver","2",2022-02-04,"VALCEPINA","Martina","O","Mixed Team Relay","Italy","Short Track Speed Skating"
"25","Silver","2",2022-02-04,"FONTANA","Arianna","O","Mixed Team Relay","Italy","Short Track Speed Skating"
"26","Silver","2",2022-02-04,"VALCEPINA","Arianna","O","Mixed Team Relay","Italy","Short Track Speed Skating"
"27","Silver","2",2022-02-04,"CASSINELLI","Andrea","O","Mixed Team Relay","Italy","Short Track Speed Skating"
"28","Silver","2",2022-02-04,"CONFORTOLA","Yuri","O","Mixed Team Relay","Italy","Short Track Speed Skating"
"29","Silver","2",2022-02-04,"SIGHEL","Pietro","O","Mixed Team Relay","Italy","Short Track Speed Skating"
"30","Bronze","3",2022-02-04,"JASZAPATI","Petra","O","Mixed Team Relay","Hungary","Short Track Speed Skating"
"31","Bronze","3",2022-02-04,"KONYA","Zsofia","O","Mixed Team Relay","Hungary","Short Track Speed Skating"
"32","Bronze","3",2022-02-04,"KRUEGER","John-Henry","O","Mixed Team Relay","Hungary","Short Track Speed Skating"
"33","Bronze","3",2022-02-04,"LIU","Shaoang","O","Mixed Team Relay","Hungary","Short Track Speed Skating"
"34","Bronze","3",2022-02-04,"LIU","Shaolin Sandor","O","Mixed Team Relay","Hungary","Short Track Speed Skating"
"35","Gold","1",2022-02-04,"BOGATAJ","Ursa","W","Women's Normal Hill Individual","Slovenia","Ski Jumping"
"36","Silver","2",2022-02-04,"ALTHAUS","Katharina","W","Women's Normal Hill Individual","Germany","Ski Jumping"
"37","Bronze","3",2022-02-04,"KRIZNAR","Nika","W","Women's Normal Hill Individual","Slovenia","Ski Jumping"
"38","Gold","1",2022-02-04,"SCHOUTEN","Irene","W","Women's 3000m","Netherlands","Speed Skating"
"39","Silver","2",2022-02-04,"LOLLOBRIGIDA","Francesca","W","Women's 3000m","Italy","Speed Skating"
"40","Bronze","3",2022-02-04,"WEIDEMANN","Isabelle","W","Women's 3000m","Canada","Speed Skating"
"41","Gold","1",2022-02-05,"BOLSHUNOV","Alexander","M","Men's 15km + 15km Skiathlon","Russian Olympic Committee","Cross-Country Skiing"
"42","Silver","2",2022-02-05,"SPITSOV","Denis","M","Men's 15km + 15km Skiathlon","Russian Olympic Committee","Cross-Country Skiing"
"43","Bronze","3",2022-02-05,"NISKANEN","Iivo","M","Men's 15km + 15km Skiathlon","Finland","Cross-Country Skiing"
"44","Gold","1",2022-02-05,"ANTHONY","Jakara","W","Women's Moguls","Australia","Freestyle Skiing"
"45","Silver","2",2022-02-05,"KAUF","Jaelin","W","Women's Moguls","United States of America","Freestyle Skiing"
"46","Bronze","3",2022-02-05,"SMIRNOVA","Anastasiia","W","Women's Moguls","Russian Olympic Committee","Freestyle Skiing"
"47","Gold","1",2022-02-05,"LUDWIG","Johannes","M","Men's Singles","Germany","Luge"
"48","Silver","2",2022-02-05,"KINDL","Wolfgang","M","Men's Singles","Austria","Luge"
"49","Bronze","3",2022-02-05,"FISCHNALLER","Dominik","M","Men's Singles","Italy","Luge"
"50","Gold","1",2022-02-05,"KOBAYASHI","Ryoyu","M","Men's Normal Hill Individual","Japan","Ski Jumping"
"51","Silver","2",2022-02-05,"FETTNER","Manuel","M","Men's Normal Hill Individual","Austria","Ski Jumping"
"52","Bronze","3",2022-02-05,"KUBACKI","Dawid","M","Men's Normal Hill Individual","Poland","Ski Jumping"
"53","Gold","1",2022-02-05,"SADOWSKI","SYNNOTT Zoi","W","Women's Snowboard Slopestyle","New Zealand","Snowboard"
"54","Silver","2",2022-02-05,"MARINO","Julia","W","Women's Snowboard Slopestyle","United States of America","Snowboard"
"55","Bronze","3",2022-02-05,"COADY","Tess","W","Women's Snowboard Slopestyle","Australia","Snowboard"
"56","Gold","1",2022-02-05,"van","der POEL Nils","M","Men's 5000m","Sweden","Speed Skating"
"57","Silver","2",2022-02-05,"ROEST","Patrick","M","Men's 5000m","Netherlands","Speed Skating"
"58","Bronze","3",2022-02-05,"ENGEBRAATEN","Hallgeir","M","Men's 5000m","Norway","Speed Skating"
"59","Gold","1",2022-02-06,"FEUZ","Beat","M","Men's Downhill","Switzerland","Alpine Skiing"
"60","Silver","2",2022-02-06,"CLAREY","Johan","M","Men's Downhill","France","Alpine Skiing"
"61","Bronze","3",2022-02-06,"MAYER","Matthias","M","Men's Downhill","Austria","Alpine Skiing"
"62","Gold","1",2022-02-06,"HECTOR","Sara","W","Women's Giant Slalom","Sweden","Alpine Skiing"
"63","Silver","2",2022-02-06,"BRIGNONE","Federica","W","Women's Giant Slalom","Italy","Alpine Skiing"
"64","Bronze","3",2022-02-06,"GUT-BEHRAMI","Lara","W","Women's Giant Slalom","Switzerland","Alpine Skiing"
"65","Gold","1",2022-02-06,"HERRMANN","Denise","W","Women's 15km Individual","Germany","Biathlon"
"66","Silver","2",2022-02-06,"CHEVALIER-BOUCHET","Anais","W","Women's 15km Individual","France","Biathlon"
"67","Bronze","3",2022-02-06,"ROEISELAND","Marte Olsbu","W","Women's 15km Individual","Norway","Biathlon"
"68","Gold","1",2022-02-06,"MISHINA","Anastasia","O","Team Event","Russian Olympic Committee","Figure Skating"
"69","Gold","1",2022-02-06,"GALLIAMOV","Aleksandr","O","Team Event","Russian Olympic Committee","Figure Skating"
"70","Gold","1",2022-02-06,"KONDRATIUK","Mark","O","Team Event","Russian Olympic Committee","Figure Skating"
"71","Gold","1",2022-02-06,"VALIEVA","Kamila","O","Team Event","Russian Olympic Committee","Figure Skating"
"72","Gold","1",2022-02-06,"SINITSINA","Victoria","O","Team Event","Russian Olympic Committee","Figure Skating"
"73","Gold","1",2022-02-06,"KATSALAPOV","Nikita","O","Team Event","Russian Olympic Committee","Figure Skating"
"74","Silver","2",2022-02-06,"KNIERIM","Alexa","O","Team Event","United States of America","Figure Skating"
"75","Silver","2",2022-02-06,"FRAZIER","Brandon","O","Team Event","United States of America","Figure Skating"
"76","Silver","2",2022-02-06,"BATES","Evan","O","Team Event","United States of America","Figure Skating"
"77","Silver","2",2022-02-06,"CHEN","Karen","O","Team Event","United States of America","Figure Skating"
"78","Silver","2",2022-02-06,"HUBBELL","Madison","O","Team Event","United States of America","Figure Skating"
"79","Silver","2",2022-02-06,"CHEN","Nathan","O","Team Event","United States of America","Figure Skating"
"80","Silver","2",2022-02-06,"ZHOU","Vincent","O","Team Event","United States of America","Figure Skating"
"81","Silver","2",2022-02-06,"DONOHUE","Zachary","O","Team Event","United States of America","Figure Skating"
"82","Silver","2",2022-02-06,"CHOCK","Madison","O","Team Event","United States of America","Figure Skating"
"83","Bronze","3",2022-02-06,"KAGIYAMA","Yuma","O","Team Event","Japan","Figure Skating"
"84","Bronze","3",2022-02-06,"HIGUCHI","Wakaba","O","Team Event","Japan","Figure Skating"
"85","Bronze","3",2022-02-06,"KOMATSUBARA","Misato","O","Team Event","Japan","Figure Skating"
"86","Bronze","3",2022-02-06,"KOLETO","Tim","O","Team Event","Japan","Figure Skating"
"87","Bronze","3",2022-02-06,"MIURA","Riku","O","Team Event","Japan","Figure Skating"
"88","Bronze","3",2022-02-06,"KIHARA","Ryuichi","O","Team Event","Japan","Figure Skating"
"89","Bronze","3",2022-02-06,"UNO","Shoma","O","Team Event","Japan","Figure Skating"
"90","Bronze","3",2022-02-06,"SAKAMOTO","Kaori","O","Team Event","Japan","Figure Skating"
"91","Gold","1",2022-02-06,"REN","Ziwei","M","Men's 1000m","People's Republic of China","Short Track Speed Skating"
"92","Silver","2",2022-02-06,"LI","Wenlong","M","Men's 1000m","People's Republic of China","Short Track Speed Skating"
"93","Bronze","3",2022-02-06,"LIU","Shaoang","M","Men's 1000m","Hungary","Short Track Speed Skating"
"94","Gold","1",2022-02-06,"FONTANA","Arianna","W","Women's 500m","Italy","Short Track Speed Skating"
"95","Silver","2",2022-02-06,"SCHULTING","Suzanne","W","Women's 500m","Netherlands","Short Track Speed Skating"
"96","Bronze","3",2022-02-06,"BOUTIN","Kim","W","Women's 500m","Canada","Short Track Speed Skating"
"97","Gold","1",2022-02-06,"BOGATAJ","Ursa","O","Mixed Team","Slovenia","Ski Jumping"
"98","Gold","1",2022-02-06,"PREVC","Peter","O","Mixed Team","Slovenia","Ski Jumping"
"99","Gold","1",2022-02-06,"ZAJC","Timi","O","Mixed Team","Slovenia","Ski Jumping"
"100","Gold","1",2022-02-06,"KRIZNAR","Nika","O","Mixed Team","Slovenia","Ski Jumping"
"101","Silver","2",2022-02-06,"KLIMOV","Evgeniy","O","Mixed Team","Russian Olympic Committee","Ski Jumping"
"102","Silver","2",2022-02-06,"SADREEV","Danil","O","Mixed Team","Russian Olympic Committee","Ski Jumping"
"103","Silver","2",2022-02-06,"AVVAKUMOVA","Irina","O","Mixed Team","Russian Olympic Committee","Ski Jumping"
"104","Silver","2",2022-02-06,"MAKHINIA","Irma","O","Mixed Team","Russian Olympic Committee","Ski Jumping"
"105","Bronze","3",2022-02-06,"BOYD-CLOWES","Mackenzie","O","Mixed Team","Canada","Ski Jumping"
"106","Bronze","3",2022-02-06,"SOUKUP","Matthew","O","Mixed Team","Canada","Ski Jumping"
"107","Bronze","3",2022-02-06,"STRATE","Abigail","O","Mixed Team","Canada","Ski Jumping"
"108","Bronze","3",2022-02-06,"LOUTITT","Alexandria","O","Mixed Team","Canada","Ski Jumping"
"109","Gold","1",2022-02-06,"PARROT","Max","M","Men's Snowboard Slopestyle","Canada","Snowboard"
"110","Silver","2",2022-02-06,"SU","Yiming","M","Men's Snowboard Slopestyle","People's Republic of China","Snowboard"
"111","Bronze","3",2022-02-06,"McMORRIS","Mark","M","Men's Snowboard Slopestyle","Canada","Snowboard"
"112","Gold","1",2022-02-06,"WUST","Ireen","W","Women's 1500m","Netherlands","Speed Skating"
"113","Silver","2",2022-02-06,"TAKAGI","Miho","W","Women's 1500m","Japan","Speed Skating"
"114","Bronze","3",2022-02-06,"de","JONG Antoinette","W","Women's 1500m","Netherlands","Speed Skating"
"115","Gold","1",2022-02-07,"MAYER","Matthias","M","Men's Super-G","Austria","Alpine Skiing"
"116","Silver","2",2022-02-07,"COCHRAN-SIEGLE","Ryan","M","Men's Super-G","United States of America","Alpine Skiing"
"117","Bronze","3",2022-02-07,"KILDE","Aleksander Aamodt","M","Men's Super-G","Norway","Alpine Skiing"
"118","Gold","1",2022-02-07,"FILLON","MAILLET Quentin","M","Men's 20km Individual","France","Biathlon"
"119","Silver","2",2022-02-07,"SMOLSKI","Anton","M","Men's 20km Individual","Belarus","Biathlon"
"120","Bronze","3",2022-02-07,"BOE","Johannes Thingnes","M","Men's 20km Individual","Norway","Biathlon"
"121","Gold","1",2022-02-07,"KLAEBO","Johannes Hoesflot","M","Men's Sprint Free","Norway","Cross-Country Skiing"
"122","Silver","2",2022-02-07,"PELLEGRINO","Federico","M","Men's Sprint Free","Italy","Cross-Country Skiing"
"123","Bronze","3",2022-02-07,"TERENTEV","Alexander","M","Men's Sprint Free","Russian Olympic Committee","Cross-Country Skiing"
"124","Gold","1",2022-02-07,"SUNDLING","Jonna","W","Women's Sprint Free","Sweden","Cross-Country Skiing"
"125","Silver","2",2022-02-07,"DAHLQVIST","Maja","W","Women's Sprint Free","Sweden","Cross-Country Skiing"
"126","Bronze","3",2022-02-07,"DIGGINS","Jessie","W","Women's Sprint Free","United States of America","Cross-Country Skiing"
"127","Gold","1",2022-02-07,"MOSANER","Amos","O","Mixed Doubles","Italy","Curling"
"128","Gold","1",2022-02-07,"CONSTANTINI","Stefania","O","Mixed Doubles","Italy","Curling"
"129","Silver","2",2022-02-07,"SKASLIEN","Kristin","O","Mixed Doubles","Norway","Curling"
"130","Silver","2",2022-02-07,"NEDREGOTTEN","Magnus","O","Mixed Doubles","Norway","Curling"
"131","Bronze","3",2022-02-07,"ERIKSSON","Oskar","O","Mixed Doubles","Sweden","Curling"
"132","Bronze","3",2022-02-07,"DE","VAL Almida","O","Mixed Doubles","Sweden","Curling"
"133","Gold","1",2022-02-07,"GU","Ailing Eileen","W","Women's Freeski Big Air","People's Republic of China","Freestyle Skiing"
"134","Silver","2",2022-02-07,"LEDEUX","Tess","W","Women's Freeski Big Air","France","Freestyle Skiing"
"135","Bronze","3",2022-02-07,"GREMAUD","Mathilde","W","Women's Freeski Big Air","Switzerland","Freestyle Skiing"
"136","Gold","1",2022-02-07,"GEISENBERGER","Natalie","W","Women's Singles","Germany","Luge"
"137","Silver","2",2022-02-07,"BERREITER","Anna","W","Women's Singles","Germany","Luge"
"138","Bronze","3",2022-02-07,"IVANOVA","Tatyana","W","Women's Singles","Russian Olympic Committee","Luge"
"139","Gold","1",2022-02-07,"KARL","Benjamin","M","Men's Parallel Giant Slalom","Austria","Snowboard"
"140","Silver","2",2022-02-07,"MASTNAK","Tim","M","Men's Parallel Giant Slalom","Slovenia","Snowboard"
"141","Bronze","3",2022-02-07,"WILD","Victor","M","Men's Parallel Giant Slalom","Russian Olympic Committee","Snowboard"
"142","Gold","1",2022-02-07,"LEDECKA","Ester","W","Women's Parallel Giant Slalom","Czech Republic","Snowboard"
"143","Silver","2",2022-02-07,"ULBING","Daniela","W","Women's Parallel Giant Slalom","Austria","Snowboard"
"144","Bronze","3",2022-02-07,"KOTNIK","Gloria","W","Women's Parallel Giant Slalom","Slovenia","Snowboard"
"145","Gold","1",2022-02-07,"NUIS","Kjeld","M","Men's 1500m","Netherlands","Speed Skating"
"146","Silver","2",2022-02-07,"KROL","Thomas","M","Men's 1500m","Netherlands","Speed Skating"
"147","Bronze","3",2022-02-07,"KIM","Minseok","M","Men's 1500m","Republic of Korea","Speed Skating"
"148","Gold","1",2022-02-08,"VLHOVA","Petra","W","Women's Slalom","Slovakia","Alpine Skiing"
"149","Silver","2",2022-02-08,"LIENSBERGER","Katharina","W","Women's Slalom","Austria","Alpine Skiing"
"150","Bronze","3",2022-02-08,"HOLDENER","Wendy","W","Women's Slalom","Switzerland","Alpine Skiing"
"151","Gold","1",2022-02-08,"RUUD","Birk","M","Men's Freeski Big Air","Norway","Freestyle Skiing"
"152","Silver","2",2022-02-08,"STEVENSON","Colby","M","Men's Freeski Big Air","United States of America","Freestyle Skiing"
"153","Bronze","3",2022-02-08,"HARLAUT","Henrik","M","Men's Freeski Big Air","Sweden","Freestyle Skiing"
"154","Gold","1",2022-02-08,"WENDL","Tobias","O","Doubles","Germany","Luge"
"155","Gold","1",2022-02-08,"ARLT","Tobias","O","Doubles","Germany","Luge"
"156","Silver","2",2022-02-08,"BENECKEN","Sascha","O","Doubles","Germany","Luge"
"157","Silver","2",2022-02-08,"EGGERT","Toni","O","Doubles","Germany","Luge"
"158","Bronze","3",2022-02-08,"STEU","Thomas","O","Doubles","Austria","Luge"
"159","Bronze","3",2022-02-08,"KOLLER","Lorenz","O","Doubles","Austria","Luge"
"160","Gold","1",2022-02-08,"GEIGER","Vinzenz","M","Individual Gundersen Normal Hill/10km","Germany","Nordic Combined"
"161","Silver","2",2022-02-08,"GRAABAK","Joergen","M","Individual Gundersen Normal Hill/10km","Norway","Nordic Combined"
"162","Bronze","3",2022-02-08,"GREIDERER","Lukas","M","Individual Gundersen Normal Hill/10km","Austria","Nordic Combined"
"163","Gold","1",2022-02-08,"HWANG","Daeheon","M","Men's 1500m","Republic of Korea","Short Track Speed Skating"
"164","Silver","2",2022-02-08,"DUBOIS","Steven","M","Men's 1500m","Canada","Short Track Speed Skating"
"165","Bronze","3",2022-02-08,"ELISTRATOV","Semen","M","Men's 1500m","Russian Olympic Committee","Short Track Speed Skating"
"166","Gold","1",2022-02-08,"JACOBELLIS","Lindsey","W","Women's Snowboard Cross","United States of America","Snowboard"
"167","Silver","2",2022-02-08,"TRESPEUCH","Chloe","W","Women's Snowboard Cross","France","Snowboard"
"168","Bronze","3",2022-02-08,"ODINE","Meryeta","W","Women's Snowboard Cross","Canada","Snowboard"
"169","Gold","1",2022-02-09,"STROLZ","Johannes","M","Men's Alpine Combined","Austria","Alpine Skiing"
"170","Silver","2",2022-02-09,"KILDE","Aleksander Aamodt","M","Men's Alpine Combined","Norway","Alpine Skiing"
"171","Bronze","3",2022-02-09,"CRAWFORD","James","M","Men's Alpine Combined","Canada","Alpine Skiing"
"172","Gold","1",2022-02-09,"JOHAUG","Therese","W","Women's 10km Classic","Norway","Cross-Country Skiing"
"173","Silver","2",2022-02-09,"NISKANEN","Kerttu","W","Women's 10km Classic","Finland","Cross-Country Skiing"
"174","Bronze","3",2022-02-09,"PARMAKOSKI","Krista","W","Women's 10km Classic","Finland","Cross-Country Skiing"
"175","Gold","1",2022-02-09,"CHEN","Nathan","M","Men Single Skating","United States of America","Figure Skating"
"176","Silver","2",2022-02-09,"KAGIYAMA","Yuma","M","Men Single Skating","Japan","Figure Skating"
"177","Bronze","3",2022-02-09,"UNO","Shoma","M","Men Single Skating","Japan","Figure Skating"
"178","Gold","1",2022-02-09,"CALDWELL","Ashley","O","Mixed Team Aerials","United States of America","Freestyle Skiing"
"179","Gold","1",2022-02-09,"LILLIS","Christopher","O","Mixed Team Aerials","United States of America","Freestyle Skiing"
"180","Gold","1",2022-02-09,"SCHOENEFELD","Justin","O","Mixed Team Aerials","United States of America","Freestyle Skiing"
"181","Silver","2",2022-02-09,"JIA","Zongyang","O","Mixed Team Aerials","People's Republic of China","Freestyle Skiing"
"182","Silver","2",2022-02-09,"QI","Guangpu","O","Mixed Team Aerials","People's Republic of China","Freestyle Skiing"
"183","Silver","2",2022-02-09,"XU","Mengtao","O","Mixed Team Aerials","People's Republic of China","Freestyle Skiing"
"184","Bronze","3",2022-02-09,"THENAULT","Marion","O","Mixed Team Aerials","Canada","Freestyle Skiing"
"185","Bronze","3",2022-02-09,"FONTAINE","Miha","O","Mixed Team Aerials","Canada","Freestyle Skiing"
"186","Bronze","3",2022-02-09,"IRVING","Lewis","O","Mixed Team Aerials","Canada","Freestyle Skiing"
"187","Gold","1",2022-02-09,"GEISENBERGER","Natalie","O","Team Relay","Germany","Luge"
"188","Gold","1",2022-02-09,"WENDL","Tobias","O","Team Relay","Germany","Luge"
"189","Gold","1",2022-02-09,"LUDWIG","Johannes","O","Team Relay","Germany","Luge"
"190","Gold","1",2022-02-09,"ARLT","Tobias","O","Team Relay","Germany","Luge"
"191","Silver","2",2022-02-09,"STEU","Thomas","O","Team Relay","Austria","Luge"
"192","Silver","2",2022-02-09,"KOLLER","Lorenz","O","Team Relay","Austria","Luge"
"193","Silver","2",2022-02-09,"KINDL","Wolfgang","O","Team Relay","Austria","Luge"
"194","Silver","2",2022-02-09,"EGLE","Madeleine","O","Team Relay","Austria","Luge"
"195","Bronze","3",2022-02-09,"TIRUMA","Eliza","O","Team Relay","Latvia","Luge"
"196","Bronze","3",2022-02-09,"APARJODS","Kristers","O","Team Relay","Latvia","Luge"
"197","Bronze","3",2022-02-09,"BOTS","Martins","O","Team Relay","Latvia","Luge"
"198","Bronze","3",2022-02-09,"PLUME","Roberts","O","Team Relay","Latvia","Luge"
"199","Gold","1",2022-02-09,"HAEMMERLE","Alessandro","M","Men's Snowboard Cross","Austria","Snowboard"
"200","Silver","2",2022-02-09,"GRONDIN","Eliot","M","Men's Snowboard Cross","Canada","Snowboard"
"201","Bronze","3",2022-02-09,"VISINTIN","Omar","M","Men's Snowboard Cross","Italy","Snowboard"
"202","Gold","1",2022-02-09,"KIM","Chloe","W","Women's Snowboard Halfpipe","United States of America","Snowboard"
"203","Silver","2",2022-02-09,"CASTELLET","Queralt","W","Women's Snowboard Halfpipe","Spain","Snowboard"
"204","Bronze","3",2022-02-09,"TOMITA","Sena","W","Women's Snowboard Halfpipe","Japan","Snowboard"
"205","Gold","1",2022-02-09,"SCHOUTEN","Irene","W","Women's 5000m","Netherlands","Speed Skating"
"206","Silver","2",2022-02-09,"WEIDEMANN","Isabelle","W","Women's 5000m","Canada","Speed Skating"
"207","Bronze","3",2022-02-09,"SABLIKOVA","Martina","W","Women's 5000m","Czech Republic","Speed Skating"
"208","Gold","1",2022-02-10,"GUT-BEHRAMI","Lara","W","Women's Super-G","Switzerland","Alpine Skiing"
"209","Silver","2",2022-02-10,"PUCHNER","Mirjam","W","Women's Super-G","Austria","Alpine Skiing"
"210","Bronze","3",2022-02-10,"GISIN","Michelle","W","Women's Super-G","Switzerland","Alpine Skiing"
"211","Gold","1",2022-02-10,"ROEISELAND","Marte Olsbu","W","Women's 7.5km Sprint","Norway","Biathlon"
"212","Silver","2",2022-02-10,"OEBERG","Elvira","W","Women's 7.5km Sprint","Sweden","Biathlon"
"213","Bronze","3",2022-02-10,"WIERER","Dorothea","W","Women's 7.5km Sprint","Italy","Biathlon"
"214","Gold","1",2022-02-10,"NISKANEN","Iivo","M","Men's 15km Classic","Finland","Cross-Country Skiing"
"215","Silver","2",2022-02-10,"BOLSHUNOV","Alexander","M","Men's 15km Classic","Russian Olympic Committee","Cross-Country Skiing"
"216","Bronze","3",2022-02-10,"KLAEBO","Johannes Hoesflot","M","Men's 15km Classic","Norway","Cross-Country Skiing"
"217","Gold","1",2022-02-10,"SCHULTING","Suzanne","W","Women's 1000m","Netherlands","Short Track Speed Skating"
"218","Silver","2",2022-02-10,"CHOI","Minjeong","W","Women's 1000m","Republic of Korea","Short Track Speed Skating"
"219","Bronze","3",2022-02-10,"DESMET","Hanne","W","Women's 1000m","Belgium","Short Track Speed Skating"
"220","Gold","1",2022-02-10,"GROTHEER","Christopher","M","Men","Germany","Skeleton"
"221","Silver","2",2022-02-10,"JUNGK","Axel","M","Men","Germany","Skeleton"
"222","Bronze","3",2022-02-10,"YAN","Wengang","M","Men","People's Republic of China","Skeleton"
"223","Gold","1",2022-02-10,"HIRANO","Ayumu","M","Men's Snowboard Halfpipe","Japan","Snowboard"
"224","Silver","2",2022-02-10,"JAMES","Scotty","M","Men's Snowboard Halfpipe","Australia","Snowboard"
"225","Bronze","3",2022-02-10,"SCHERRER","Jan","M","Men's Snowboard Halfpipe","Switzerland","Snowboard"
"226","Gold","1",2022-02-10,"van","der POEL Nils","M","Men's 10000m","Sweden","Speed Skating"
"227","Silver","2",2022-02-10,"ROEST","Patrick","M","Men's 10000m","Netherlands","Speed Skating"
"228","Bronze","3",2022-02-10,"GHIOTTO","Davide","M","Men's 10000m","Italy","Speed Skating"
"229","Gold","1",2022-02-11,"BOE","Johannes Thingnes","M","Men's 10km Sprint","Norway","Biathlon"
"230","Silver","2",2022-02-11,"FILLON","MAILLET Quentin","M","Men's 10km Sprint","France","Biathlon"
"231","Bronze","3",2022-02-11,"BOE","Tarjei","M","Men's 10km Sprint","Norway","Biathlon"
"232","Gold","1",2022-02-11,"NEPRYAEVA","Natalia","W","Women's 4 x 5km Relay","Russian Olympic Committee","Cross-Country Skiing"
"233","Gold","1",2022-02-11,"SORINA","Tatiana","W","Women's 4 x 5km Relay","Russian Olympic Committee","Cross-Country Skiing"
"234","Gold","1",2022-02-11,"STEPANOVA","Veronika","W","Women's 4 x 5km Relay","Russian Olympic Committee","Cross-Country Skiing"
"235","Gold","1",2022-02-11,"STUPAK","Yulia","W","Women's 4 x 5km Relay","Russian Olympic Committee","Cross-Country Skiing"
"236","Silver","2",2022-02-11,"HENNIG","Katharina","W","Women's 4 x 5km Relay","Germany","Cross-Country Skiing"
"237","Silver","2",2022-02-11,"KREHL","Sofie","W","Women's 4 x 5km Relay","Germany","Cross-Country Skiing"
"238","Silver","2",2022-02-11,"CARL","Victoria","W","Women's 4 x 5km Relay","Germany","Cross-Country Skiing"
"239","Silver","2",2022-02-11,"SAUERBREY","Katherine","W","Women's 4 x 5km Relay","Germany","Cross-Country Skiing"
"240","Bronze","3",2022-02-11,"ANDERSSON","Ebba","W","Women's 4 x 5km Relay","Sweden","Cross-Country Skiing"
"241","Bronze","3",2022-02-11,"DAHLQVIST","Maja","W","Women's 4 x 5km Relay","Sweden","Cross-Country Skiing"
"242","Bronze","3",2022-02-11,"KARLSSON","Frida","W","Women's 4 x 5km Relay","Sweden","Cross-Country Skiing"
"243","Bronze","3",2022-02-11,"SUNDLING","Jonna","W","Women's 4 x 5km Relay","Sweden","Cross-Country Skiing"
"244","Gold","1",2022-02-11,"NEISE","Hannah","W","Women","Germany","Skeleton"
"245","Silver","2",2022-02-11,"NARRACOTT","Jaclyn","W","Women","Australia","Skeleton"
"246","Bronze","3",2022-02-11,"BOS","Kimberley","W","Women","Netherlands","Skeleton"
"247","Gold","1",2022-02-11,"LINDVIK","Marius","M","Men's Large Hill Individual","Norway","Ski Jumping"
"248","Silver","2",2022-02-11,"KOBAYASHI","Ryoyu","M","Men's Large Hill Individual","Japan","Ski Jumping"
"249","Bronze","3",2022-02-11,"GEIGER","Karl","M","Men's Large Hill Individual","Germany","Ski Jumping"
"250","Gold","1",2022-02-11,"JACOBELLIS","Lindsey","O","Mixed Team Snowboard Cross","United States of America","Snowboard"
"251","Gold","1",2022-02-11,"BAUMGARTNER","Nick","O","Mixed Team Snowboard Cross","United States of America","Snowboard"
"252","Silver","2",2022-02-11,"VISINTIN","Omar","O","Mixed Team Snowboard Cross","Italy","Snowboard"
"253","Silver","2",2022-02-11,"MOIOLI","Michela","O","Mixed Team Snowboard Cross","Italy","Snowboard"
"254","Bronze","3",2022-02-11,"GRONDIN","Eliot","O","Mixed Team Snowboard Cross","Canada","Snowboard"
"255","Bronze","3",2022-02-11,"ODINE","Meryeta","O","Mixed Team Snowboard Cross","Canada","Snowboard"
"256","Gold","1",2022-02-11,"GAO","Tingyu","M","Men's 500m","People's Republic of China","Speed Skating"
"257","Silver","2",2022-02-11,"CHA","Min Kyu","M","Men's 500m","Republic of Korea","Speed Skating"
"258","Bronze","3",2022-02-11,"MORISHIGE","Wataru","M","Men's 500m","Japan","Speed Skating"
"259","Gold","1",2022-02-12,"ODERMATT","Marco","M","Men's Giant Slalom","Switzerland","Alpine Skiing"
"260","Silver","2",2022-02-12,"KRANJEC","Zan","M","Men's Giant Slalom","Slovenia","Alpine Skiing"
"261","Bronze","3",2022-02-12,"FAIVRE","Mathieu","M","Men's Giant Slalom","France","Alpine Skiing"
"262","Gold","1",2022-02-12,"FILLON","MAILLET Quentin","M","Men's 12.5km Pursuit","France","Biathlon"
"263","Silver","2",2022-02-12,"BOE","Tarjei","M","Men's 12.5km Pursuit","Norway","Biathlon"
"264","Bronze","3",2022-02-12,"LATYPOV","Eduard","M","Men's 12.5km Pursuit","Russian Olympic Committee","Biathlon"
"265","Gold","1",2022-02-12,"ROEISELAND","Marte Olsbu","W","Women's 10km Pursuit","Norway","Biathlon"
"266","Silver","2",2022-02-12,"OEBERG","Elvira","W","Women's 10km Pursuit","Sweden","Biathlon"
"267","Bronze","3",2022-02-12,"ECKHOFF","Tiril","W","Women's 10km Pursuit","Norway","Biathlon"
"268","Gold","1",2022-02-12,"SPITSOV","Denis","M","Men's 4 x 10km Relay","Russian Olympic Committee","Cross-Country Skiing"
"269","Gold","1",2022-02-12,"BOLSHUNOV","Alexander","M","Men's 4 x 10km Relay","Russian Olympic Committee","Cross-Country Skiing"
"270","Gold","1",2022-02-12,"USTIUGOV","Sergey","M","Men's 4 x 10km Relay","Russian Olympic Committee","Cross-Country Skiing"
"271","Gold","1",2022-02-12,"CHERVOTKIN","Alexey","M","Men's 4 x 10km Relay","Russian Olympic Committee","Cross-Country Skiing"
"272","Silver","2",2022-02-12,"KLAEBO","Johannes Hoesflot","M","Men's 4 x 10km Relay","Norway","Cross-Country Skiing"
"273","Silver","2",2022-02-12,"IVERSEN","Emil","M","Men's 4 x 10km Relay","Norway","Cross-Country Skiing"
"274","Silver","2",2022-02-12,"GOLBERG","Paal","M","Men's 4 x 10km Relay","Norway","Cross-Country Skiing"
"275","Silver","2",2022-02-12,"HOLUND","Hans Christer","M","Men's 4 x 10km Relay","Norway","Cross-Country Skiing"
"276","Bronze","3",2022-02-12,"JOUVE","Richard","M","Men's 4 x 10km Relay","France","Cross-Country Skiing"
"277","Bronze","3",2022-02-12,"LAPALUS","Hugo","M","Men's 4 x 10km Relay","France","Cross-Country Skiing"
"278","Bronze","3",2022-02-12,"MANIFICAT","Maurice","M","Men's 4 x 10km Relay","France","Cross-Country Skiing"
"279","Bronze","3",2022-02-12,"PARISSE","Clement","M","Men's 4 x 10km Relay","France","Cross-Country Skiing"
"280","Gold","1",2022-02-12,"LIU","Shaoang","M","Men's 500m","Hungary","Short Track Speed Skating"
"281","Silver","2",2022-02-12,"IVLIEV","Konstantin","M","Men's 500m","Russian Olympic Committee","Short Track Speed Skating"
"282","Bronze","3",2022-02-12,"DUBOIS","Steven","M","Men's 500m","Canada","Short Track Speed Skating"
"283","Gold","1",2022-02-12,"POUTSMA","Selma","W","Women's 3000m Relay","Netherlands","Short Track Speed Skating"
"284","Gold","1",2022-02-12,"SCHULTING","Suzanne","W","Women's 3000m Relay","Netherlands","Short Track Speed Skating"
"285","Gold","1",2022-02-12,"VELZEBOER","Xandra","W","Women's 3000m Relay","Netherlands","Short Track Speed Skating"
"286","Gold","1",2022-02-12,"van","KERKHOF Yara","W","Women's 3000m Relay","Netherlands","Short Track Speed Skating"
"287","Silver","2",2022-02-12,"CHOI","Minjeong","W","Women's 3000m Relay","Republic of Korea","Short Track Speed Skating"
"288","Silver","2",2022-02-12,"LEE","Yubin","W","Women's 3000m Relay","Republic of Korea","Short Track Speed Skating"
"289","Silver","2",2022-02-12,"KIM","A Lang","W","Women's 3000m Relay","Republic of Korea","Short Track Speed Skating"
"290","Silver","2",2022-02-12,"SEO","Whimin","W","Women's 3000m Relay","Republic of Korea","Short Track Speed Skating"
"291","Bronze","3",2022-02-12,"FAN","Kexin","W","Women's 3000m Relay","People's Republic of China","Short Track Speed Skating"
"292","Bronze","3",2022-02-12,"QU","Chunyu","W","Women's 3000m Relay","People's Republic of China","Short Track Speed Skating"
"293","Bronze","3",2022-02-12,"HAN","Yutong","W","Women's 3000m Relay","People's Republic of China","Short Track Speed Skating"
"294","Bronze","3",2022-02-12,"ZHANG","Chutong","W","Women's 3000m Relay","People's Republic of China","Short Track Speed Skating"
"295","Bronze","3",2022-02-12,"ZHANG","Yuting","W","Women's 3000m Relay","People's Republic of China","Short Track Speed Skating"
"296","Gold","1",2022-02-12,"JACKSON","Erin","W","Women's 500m","United States of America","Speed Skating"
"297","Silver","2",2022-02-12,"TAKAGI","Miho","W","Women's 500m","Japan","Speed Skating"
"298","Bronze","3",2022-02-12,"GOLIKOVA","Angelina","W","Women's 500m","Russian Olympic Committee","Speed Skating"
"299","Gold","1",2022-02-13,"HUMPHRIES","Kaillie","W","Women's Monobob","United States of America","Bobsleigh"
"300","Silver","2",2022-02-13,"MEYERS","TAYLOR Elana","W","Women's Monobob","United States of America","Bobsleigh"
"301","Bronze","3",2022-02-13,"de","BRUIN Christine","W","Women's Monobob","Canada","Bobsleigh"
"302","Gold","1",2022-02-13,"PAPADAKIS","Gabriella","O","Ice Dance","France","Figure Skating"
"303","Gold","1",2022-02-13,"CIZERON","Guillaume","O","Ice Dance","France","Figure Skating"
"304","Silver","2",2022-02-13,"KATSALAPOV","Nikita","O","Ice Dance","Russian Olympic Committee","Figure Skating"
"305","Silver","2",2022-02-13,"SINITSINA","Victoria","O","Ice Dance","Russian Olympic Committee","Figure Skating"
"306","Bronze","3",2022-02-13,"DONOHUE","Zachary","O","Ice Dance","United States of America","Figure Skating"
"307","Bronze","3",2022-02-13,"HUBBELL","Madison","O","Ice Dance","United States of America","Figure Skating"
"308","Gold","1",2022-02-13,"XU","Mengtao","W","Women's Aerials","People's Republic of China","Freestyle Skiing"
"309","Silver","2",2022-02-13,"HUSKOVA","Hanna","W","Women's Aerials","Belarus","Freestyle Skiing"
"310","Bronze","3",2022-02-13,"NICK","Megan","W","Women's Aerials","United States of America","Freestyle Skiing"
"311","Gold","1",2022-02-13,"HOERL","Jan","M","Men's Team","Austria","Ski Jumping"
"312","Gold","1",2022-02-13,"HUBER","Daniel","M","Men's Team","Austria","Ski Jumping"
"313","Gold","1",2022-02-13,"KRAFT","Stefan","M","Men's Team","Austria","Ski Jumping"
"314","Gold","1",2022-02-13,"FETTNER","Manuel","M","Men's Team","Austria","Ski Jumping"
"315","Silver","2",2022-02-13,"PREVC","Peter","M","Men's Team","Slovenia","Ski Jumping"
"316","Silver","2",2022-02-13,"PREVC","Cene","M","Men's Team","Slovenia","Ski Jumping"
"317","Silver","2",2022-02-13,"KOS","Lovro","M","Men's Team","Slovenia","Ski Jumping"
"318","Silver","2",2022-02-13,"ZAJC","Timi","M","Men's Team","Slovenia","Ski Jumping"
"319","Bronze","3",2022-02-13,"GEIGER","Karl","M","Men's Team","Germany","Ski Jumping"
"320","Bronze","3",2022-02-13,"SCHMID","Constantin","M","Men's Team","Germany","Ski Jumping"
"321","Bronze","3",2022-02-13,"EISENBICHLER","Markus","M","Men's Team","Germany","Ski Jumping"
"322","Bronze","3",2022-02-13,"LEYHE","Stephan","M","Men's Team","Germany","Ski Jumping"
"323","Gold","1",2022-02-14,"SUTER","Corinne","W","Women's Downhill","Switzerland","Alpine Skiing"
"324","Silver","2",2022-02-14,"GOGGIA","Sofia","W","Women's Downhill","Italy","Alpine Skiing"
"325","Bronze","3",2022-02-14,"DELAGO","Nadia","W","Women's Downhill","Italy","Alpine Skiing"
"326","Gold","1",2022-02-14,"BOE","Tarjei","M","Men's 4x7.5km Relay","Norway","Biathlon"
"327","Gold","1",2022-02-14,"LAEGREID","Sturla Holm","M","Men's 4x7.5km Relay","Norway","Biathlon"
"328","Gold","1",2022-02-14,"BOE","Johannes Thingnes","M","Men's 4x7.5km Relay","Norway","Biathlon"
"329","Gold","1",2022-02-14,"CHRISTIANSEN","Vetle Sjaastad","M","Men's 4x7.5km Relay","Norway","Biathlon"
"330","Silver","2",2022-02-14,"CLAUDE","Fabien","M","Men's 4x7.5km Relay","France","Biathlon"
"331","Silver","2",2022-02-14,"DESTHIEUX","Simon","M","Men's 4x7.5km Relay","France","Biathlon"
"332","Silver","2",2022-02-14,"FILLON","MAILLET Quentin","M","Men's 4x7.5km Relay","France","Biathlon"
"333","Silver","2",2022-02-14,"JACQUELIN","Emilien","M","Men's 4x7.5km Relay","France","Biathlon"
"334","Bronze","3",2022-02-14,"KHALILI","Said Karimulla","M","Men's 4x7.5km Relay","Russian Olympic Committee","Biathlon"
"335","Bronze","3",2022-02-14,"TSVETKOV","Maxim","M","Men's 4x7.5km Relay","Russian Olympic Committee","Biathlon"
"336","Bronze","3",2022-02-14,"LOGINOV","Alexander","M","Men's 4x7.5km Relay","Russian Olympic Committee","Biathlon"
"337","Bronze","3",2022-02-14,"LATYPOV","Eduard","M","Men's 4x7.5km Relay","Russian Olympic Committee","Biathlon"
"338","Gold","1",2022-02-14,"FRIEDRICH","Francesco","M","2-man","Germany","Bobsleigh"
"339","Gold","1",2022-02-14,"MARGIS","Thorsten","M","2-man","Germany","Bobsleigh"
"340","Silver","2",2022-02-14,"BAUER","Florian","M","2-man","Germany","Bobsleigh"
"341","Silver","2",2022-02-14,"LOCHNER","Johannes","M","2-man","Germany","Bobsleigh"
"342","Bronze","3",2022-02-14,"HAFER","Christoph","M","2-man","Germany","Bobsleigh"
"343","Bronze","3",2022-02-14,"SOMMER","Matthias","M","2-man","Germany","Bobsleigh"
"344","Gold","1",2022-02-14,"GREMAUD","Mathilde","W","Women's Freeski Slopestyle","Switzerland","Freestyle Skiing"
"345","Silver","2",2022-02-14,"GU","Ailing Eileen","W","Women's Freeski Slopestyle","People's Republic of China","Freestyle Skiing"
"346","Bronze","3",2022-02-14,"SILDARU","Kelly","W","Women's Freeski Slopestyle","Estonia","Freestyle Skiing"
"347","Gold","1",2022-02-14,"GRAABAK","Joergen","M","Individual Gundersen Large Hill/10km","Norway","Nordic Combined"
"348","Silver","2",2022-02-14,"OFTEBRO","Jens Luraas","M","Individual Gundersen Large Hill/10km","Norway","Nordic Combined"
"349","Bronze","3",2022-02-14,"WATABE","Akito","M","Individual Gundersen Large Hill/10km","Japan","Nordic Combined"
"350","Gold","1",2022-02-14,"SU","Yiming","M","Men's Snowboard Big Air","People's Republic of China","Snowboard"
"351","Silver","2",2022-02-14,"ROISLAND","Mons","M","Men's Snowboard Big Air","Norway","Snowboard"
"352","Bronze","3",2022-02-14,"PARROT","Max","M","Men's Snowboard Big Air","Canada","Snowboard"
"353","Gold","1",2022-02-14,"GASSER","Anna","W","Women's Snowboard Big Air","Austria","Snowboard"
"354","Silver","2",2022-02-14,"SADOWSKI","SYNNOTT Zoi","W","Women's Snowboard Big Air","New Zealand","Snowboard"
"355","Bronze","3",2022-02-14,"MURASE","Kokomo","W","Women's Snowboard Big Air","Japan","Snowboard"
"356","Gold","1",2022-02-14,"KONGSHAUG","Peder","M","Men's Team Pursuit","Norway","Speed Skating"
"357","Gold","1",2022-02-14,"ENGEBRAATEN","Hallgeir","M","Men's Team Pursuit","Norway","Speed Skating"
"358","Gold","1",2022-02-14,"PEDERSEN","Sverre Lunde","M","Men's Team Pursuit","Norway","Speed Skating"
"359","Silver","2",2022-02-14,"ZAKHAROV","Ruslan","M","Men's Team Pursuit","Russian Olympic Committee","Speed Skating"
"360","Silver","2",2022-02-14,"TROFIMOV","Sergei","M","Men's Team Pursuit","Russian Olympic Committee","Speed Skating"
"361","Silver","2",2022-02-14,"ALDOSHKIN","Daniil","M","Men's Team Pursuit","Russian Olympic Committee","Speed Skating"
"362","Bronze","3",2022-02-14,"LEHMAN","Emery","M","Men's Team Pursuit","United States of America","Speed Skating"
"363","Bronze","3",2022-02-14,"MANTIA","Joey","M","Men's Team Pursuit","United States of America","Speed Skating"
"364","Bronze","3",2022-02-14,"DAWSON","Casey","M","Men's Team Pursuit","United States of America","Speed Skating"
"365","Bronze","3",2022-02-14,"CEPURAN","Ethan","M","Men's Team Pursuit","United States of America","Speed Skating"
"366","Gold","1",2022-02-14,"WEIDEMANN","Isabelle","W","Women's Team Pursuit","Canada","Speed Skating"
"367","Gold","1",2022-02-14,"BLONDIN","Ivanie","W","Women's Team Pursuit","Canada","Speed Skating"
"368","Gold","1",2022-02-14,"MALTAIS","Valerie","W","Women's Team Pursuit","Canada","Speed Skating"
"369","Silver","2",2022-02-14,"TAKAGI","Miho","W","Women's Team Pursuit","Japan","Speed Skating"
"370","Silver","2",2022-02-14,"TAKAGI","Nana","W","Women's Team Pursuit","Japan","Speed Skating"
"371","Silver","2",2022-02-14,"SATO","Ayano","W","Women's Team Pursuit","Japan","Speed Skating"
"372","Bronze","3",2022-02-14,"SCHOUTEN","Irene","W","Women's Team Pursuit","Netherlands","Speed Skating"
"373","Bronze","3",2022-02-14,"WUST","Ireen","W","Women's Team Pursuit","Netherlands","Speed Skating"
"374","Bronze","3",2022-02-14,"de","JONG Antoinette","W","Women's Team Pursuit","Netherlands","Speed Skating"
"375","Bronze","3",2022-02-14,"GROENEWOUD","Marijke","W","Women's Team Pursuit","Netherlands","Speed Skating"
"376","Gold","1",2022-02-15,"NOEL","Clement","M","Men's Slalom","France","Alpine Skiing"
"377","Silver","2",2022-02-15,"STROLZ","Johannes","M","Men's Slalom","Austria","Alpine Skiing"
"378","Bronze","3",2022-02-15,"FOSS-SOLEVAAG","Sebastian","M","Men's Slalom","Norway","Alpine Skiing"
"379","Gold","1",2022-02-15,"OEBERG","Elvira","W","Women's 4x6km Relay","Sweden","Biathlon"
"380","Gold","1",2022-02-15,"OEBERG","Hanna","W","Women's 4x6km Relay","Sweden","Biathlon"
"381","Gold","1",2022-02-15,"BRORSSON","Mona","W","Women's 4x6km Relay","Sweden","Biathlon"
"382","Gold","1",2022-02-15,"PERSSON","Linn","W","Women's 4x6km Relay","Sweden","Biathlon"
"383","Silver","2",2022-02-15,"REZTSOVA","Kristina","W","Women's 4x6km Relay","Russian Olympic Committee","Biathlon"
"384","Silver","2",2022-02-15,"KAZAKEVICH","Irina","W","Women's 4x6km Relay","Russian Olympic Committee","Biathlon"
"385","Silver","2",2022-02-15,"MIRONOVA","Svetlana","W","Women's 4x6km Relay","Russian Olympic Committee","Biathlon"
"386","Silver","2",2022-02-15,"NIGMATULLINA","Uliana","W","Women's 4x6km Relay","Russian Olympic Committee","Biathlon"
"387","Bronze","3",2022-02-15,"HERRMANN","Denise","W","Women's 4x6km Relay","Germany","Biathlon"
"388","Bronze","3",2022-02-15,"PREUSS","Franziska","W","Women's 4x6km Relay","Germany","Biathlon"
"389","Bronze","3",2022-02-15,"HINZ","Vanessa","W","Women's 4x6km Relay","Germany","Biathlon"
"390","Bronze","3",2022-02-15,"VOIGT","Vanessa","W","Women's 4x6km Relay","Germany","Biathlon"
"391","Gold","1",2022-02-15,"VALNES","Erik","M","Men's Team Sprint Classic","Norway","Cross-Country Skiing"
"392","Gold","1",2022-02-15,"KLAEBO","Johannes Hoesflot","M","Men's Team Sprint Classic","Norway","Cross-Country Skiing"
"393","Silver","2",2022-02-15,"NISKANEN","Iivo","M","Men's Team Sprint Classic","Finland","Cross-Country Skiing"
"394","Silver","2",2022-02-15,"MAKI","Joni","M","Men's Team Sprint Classic","Finland","Cross-Country Skiing"
"395","Bronze","3",2022-02-15,"TERENTEV","Alexander","M","Men's Team Sprint Classic","Russian Olympic Committee","Cross-Country Skiing"
"396","Bronze","3",2022-02-15,"BOLSHUNOV","Alexander","M","Men's Team Sprint Classic","Russian Olympic Committee","Cross-Country Skiing"
"397","Gold","1",2022-02-15,"HENNIG","Katharina","W","Women's Team Sprint Classic","Germany","Cross-Country Skiing"
"398","Gold","1",2022-02-15,"CARL","Victoria","W","Women's Team Sprint Classic","Germany","Cross-Country Skiing"
"399","Silver","2",2022-02-15,"DAHLQVIST","Maja","W","Women's Team Sprint Classic","Sweden","Cross-Country Skiing"
"400","Silver","2",2022-02-15,"SUNDLING","Jonna","W","Women's Team Sprint Classic","Sweden","Cross-Country Skiing"
"401","Bronze","3",2022-02-15,"NEPRYAEVA","Natalia","W","Women's Team Sprint Classic","Russian Olympic Committee","Cross-Country Skiing"
"402","Bronze","3",2022-02-15,"STUPAK","Yulia","W","Women's Team Sprint Classic","Russian Olympic Committee","Cross-Country Skiing"
"403","Gold","1",2022-02-15,"QI","Guangpu","M","Men's Aerials","People's Republic of China","Freestyle Skiing"
"404","Silver","2",2022-02-15,"ABRAMENKO","Oleksandr","M","Men's Aerials","Ukraine","Freestyle Skiing"
"405","Bronze","3",2022-02-15,"BUROV","Ilia","M","Men's Aerials","Russian Olympic Committee","Freestyle Skiing"
"406","Gold","1",2022-02-15,"HALL","Alexander","M","Men's Freeski Slopestyle","United States of America","Freestyle Skiing"
"407","Silver","2",2022-02-15,"GOEPPER","Nicholas","M","Men's Freeski Slopestyle","United States of America","Freestyle Skiing"
"408","Bronze","3",2022-02-15,"TJADER","Jesper","M","Men's Freeski Slopestyle","Sweden","Freestyle Skiing"
"409","Bronze","3",2022-02-15,"NIEMINEN","Petra","W","Women","Finland","Ice Hockey"
"410","Bronze","3",2022-02-15,"VESA","Emilia","W","Women","Finland","Ice Hockey"
"411","Bronze","3",2022-02-15,"SAVOLAINEN","Ronja","W","Women","Finland","Ice Hockey"
"412","Bronze","3",2022-02-15,"TAPANI","Susanna","W","Women","Finland","Ice Hockey"
"413","Bronze","3",2022-02-15,"TULUS","Noora","W","Women","Finland","Ice Hockey"
"414","Bronze","3",2022-02-15,"TUOMINEN","Minnamari","W","Women","Finland","Ice Hockey"
"415","Bronze","3",2022-02-15,"VAINIKKA","Viivi","W","Women","Finland","Ice Hockey"
"416","Bronze","3",2022-02-15,"VIITASUO","Ella","W","Women","Finland","Ice Hockey"
"417","Bronze","3",2022-02-15,"HOLOPAINEN","Elisa","W","Women","Finland","Ice Hockey"
"418","Bronze","3",2022-02-15,"KARJALAINEN","Sini","W","Women","Finland","Ice Hockey"
"419","Bronze","3",2022-02-15,"KARVINEN","Michelle","W","Women","Finland","Ice Hockey"
"420","Bronze","3",2022-02-15,"KEISALA","Anni","W","Women","Finland","Ice Hockey"
"421","Bronze","3",2022-02-15,"LAITINEN","Nelli","W","Women","Finland","Ice Hockey"
"422","Bronze","3",2022-02-15,"LIIKALA","Julia","W","Women","Finland","Ice Hockey"
"423","Bronze","3",2022-02-15,"NYLUND","Jenniina","W","Women","Finland","Ice Hockey"
"424","Bronze","3",2022-02-15,"HIIRIKOSKI","Jenni","W","Women","Finland","Ice Hockey"
"425","Bronze","3",2022-02-15,"RAISANEN","Meeri","W","Women","Finland","Ice Hockey"
"426","Bronze","3",2022-02-15,"HAKALA","Sanni","W","Women","Finland","Ice Hockey"
"427","Bronze","3",2022-02-15,"SUNDELIN","Sofianna","W","Women","Finland","Ice Hockey"
"428","Bronze","3",2022-02-15,"MAKINEN","Eveliina","W","Women","Finland","Ice Hockey"
"429","Bronze","3",2022-02-15,"NISKANEN","Tanja","W","Women","Finland","Ice Hockey"
"430","Bronze","3",2022-02-15,"RANTALA","Sanni","W","Women","Finland","Ice Hockey"
"431","Bronze","3",2022-02-15,"VANHANEN","Sanni","W","Women","Finland","Ice Hockey"
"432","Gold","1",2022-02-15,"PIERRE-GILLES","Jordan","M","Men's 5000m Relay","Canada","Short Track Speed Skating"
"433","Gold","1",2022-02-15,"DUBOIS","Steven","M","Men's 5000m Relay","Canada","Short Track Speed Skating"
"434","Gold","1",2022-02-15,"DION","Pascal","M","Men's 5000m Relay","Canada","Short Track Speed Skating"
"435","Gold","1",2022-02-15,"LAOUN","Maxime","M","Men's 5000m Relay","Canada","Short Track Speed Skating"
"436","Gold","1",2022-02-15,"HAMELIN","Charles","M","Men's 5000m Relay","Canada","Short Track Speed Skating"
"437","Silver","2",2022-02-15,"HWANG","Daeheon","M","Men's 5000m Relay","Republic of Korea","Short Track Speed Skating"
"438","Silver","2",2022-02-15,"LEE","Juneseo","M","Men's 5000m Relay","Republic of Korea","Short Track Speed Skating"
"439","Silver","2",2022-02-15,"PARK","Janghyuk","M","Men's 5000m Relay","Republic of Korea","Short Track Speed Skating"
"440","Silver","2",2022-02-15,"KWAK","Yoongy","M","Men's 5000m Relay","Republic of Korea","Short Track Speed Skating"
"441","Silver","2",2022-02-15,"KIM","Dongwook","M","Men's 5000m Relay","Republic of Korea","Short Track Speed Skating"
"442","Bronze","3",2022-02-15,"SIGHEL","Pietro","M","Men's 5000m Relay","Italy","Short Track Speed Skating"
"443","Bronze","3",2022-02-15,"CONFORTOLA","Yuri","M","Men's 5000m Relay","Italy","Short Track Speed Skating"
"444","Bronze","3",2022-02-15,"CASSINELLI","Andrea","M","Men's 5000m Relay","Italy","Short Track Speed Skating"
"445","Bronze","3",2022-02-15,"DOTTI","Tommaso","M","Men's 5000m Relay","Italy","Short Track Speed Skating"
"446","Gold","1",2022-02-15,"CHOI","Minjeong","W","Women's 1500m","Republic of Korea","Short Track Speed Skating"
"447","Silver","2",2022-02-15,"FONTANA","Arianna","W","Women's 1500m","Italy","Short Track Speed Skating"
"448","Bronze","3",2022-02-15,"SCHULTING","Suzanne","W","Women's 1500m","Netherlands","Short Track Speed Skating"
"449","Gold","1",2022-02-16,"GISIN","Michelle","W","Women's Alpine Combined","Switzerland","Alpine Skiing"
"450","Silver","2",2022-02-16,"HOLDENER","Wendy","W","Women's Alpine Combined","Switzerland","Alpine Skiing"
"451","Bronze","3",2022-02-16,"BRIGNONE","Federica","W","Women's Alpine Combined","Italy","Alpine Skiing"
"452","Gold","1",2022-02-16,"SHCHERBAKOVA","Anna","W","Women Single Skating","Russian Olympic Committee","Figure Skating"
"453","Silver","2",2022-02-16,"TRUSOVA","Alexandra","W","Women Single Skating","Russian Olympic Committee","Figure Skating"
"454","Bronze","3",2022-02-16,"SAKAMOTO","Kaori","W","Women Single Skating","Japan","Figure Skating"
"455","Gold","1",2022-02-16,"NAESLUND","Sandra","W","Women's Ski Cross","Sweden","Freestyle Skiing"
"456","Silver","2",2022-02-16,"THOMPSON","Marielle","W","Women's Ski Cross","Canada","Freestyle Skiing"
"457","Bronze","3",2022-02-16,"MAIER","Daniela","W","Women's Ski Cross","Germany","Freestyle Skiing"
"458","Gold","1",2022-02-16,"LAROCQUE","Jocelyne","W","Women","Canada","Ice Hockey"
"459","Gold","1",2022-02-16,"JOHNSTON","Rebecca","W","Women","Canada","Ice Hockey"
"460","Gold","1",2022-02-16,"SPOONER","Natalie","W","Women","Canada","Ice Hockey"
"461","Gold","1",2022-02-16,"POULIN","Marie-Philip","W","Women","Canada","Ice Hockey"
"462","Gold","1",2022-02-16,"JENNER","Brianne","W","Women","Canada","Ice Hockey"
"463","Gold","1",2022-02-16,"DAOUST","Melodie","W","Women","Canada","Ice Hockey"
"464","Gold","1",2022-02-16,"SAULNIER","Jill","W","Women","Canada","Ice Hockey"
"465","Gold","1",2022-02-16,"RATTRAY","Jamie Lee","W","Women","Canada","Ice Hockey"
"466","Gold","1",2022-02-16,"TURNBULL","Blayre","W","Women","Canada","Ice Hockey"
"467","Gold","1",2022-02-16,"DESBIENS","Ann-Renee","W","Women","Canada","Ice Hockey"
"468","Gold","1",2022-02-16,"AMBROSE","Erin","W","Women","Canada","Ice Hockey"
"469","Gold","1",2022-02-16,"STACEY","Laura","W","Women","Canada","Ice Hockey"
"470","Gold","1",2022-02-16,"MASCHMEYER","Emerance","W","Women","Canada","Ice Hockey"
"471","Gold","1",2022-02-16,"FAST","Renata","W","Women","Canada","Ice Hockey"
"472","Gold","1",2022-02-16,"NURSE","Sarah","W","Women","Canada","Ice Hockey"
"473","Gold","1",2022-02-16,"CLARK","Emily","W","Women","Canada","Ice Hockey"
"474","Gold","1",2022-02-16,"ZANDEE-HART","Micah","W","Women","Canada","Ice Hockey"
"475","Gold","1",2022-02-16,"CAMPBELL","Kristen","W","Women","Canada","Ice Hockey"
"476","Gold","1",2022-02-16,"SHELTON","Ella","W","Women","Canada","Ice Hockey"
"477","Gold","1",2022-02-16,"THOMPSON","Claire","W","Women","Canada","Ice Hockey"
"478","Gold","1",2022-02-16,"MALTAIS","Emma","W","Women","Canada","Ice Hockey"
"479","Gold","1",2022-02-16,"BELL","Ashton","W","Women","Canada","Ice Hockey"
"480","Gold","1",2022-02-16,"FILLIER","Sarah","W","Women","Canada","Ice Hockey"
"481","Silver","2",2022-02-16,"CARPENTER","Alex","W","Women","United States of America","Ice Hockey"
"482","Silver","2",2022-02-16,"CAVALLINI","Alex","W","Women","United States of America","Ice Hockey"
"483","Silver","2",2022-02-16,"MURPHY","Abbey","W","Women","United States of America","Ice Hockey"
"484","Silver","2",2022-02-16,"ROQUE","Abby","W","Women","United States of America","Ice Hockey"
"485","Silver","2",2022-02-16,"DECKER","Brianna","W","Women","United States of America","Ice Hockey"
"486","Silver","2",2022-02-16,"BARNES","Cayla","W","Women","United States of America","Ice Hockey"
"487","Silver","2",2022-02-16,"HARVEY","Caroline","W","Women","United States of America","Ice Hockey"
"488","Silver","2",2022-02-16,"CAMERANESI","Dani","W","Women","United States of America","Ice Hockey"
"489","Silver","2",2022-02-16,"ZUMWINKLE","Grace","W","Women","United States of America","Ice Hockey"
"490","Silver","2",2022-02-16,"BRANDT","Hannah","W","Women","United States of America","Ice Hockey"
"491","Silver","2",2022-02-16,"KNIGHT","Hilary","W","Women","United States of America","Ice Hockey"
"492","Silver","2",2022-02-16,"COMPHER","Jesse","W","Women","United States of America","Ice Hockey"
"493","Silver","2",2022-02-16,"DUNNE","Jincy","W","Women","United States of America","Ice Hockey"
"494","Silver","2",2022-02-16,"COYNE","SCHOFIELD Kendall","W","Women","United States of America","Ice Hockey"
"495","Silver","2",2022-02-16,"PANNEK","Kelly","W","Women","United States of America","Ice Hockey"
"496","Silver","2",2022-02-16,"STECKLEIN","Lee","W","Women","United States of America","Ice Hockey"
"497","Silver","2",2022-02-16,"BOZEK","Megan","W","Women","United States of America","Ice Hockey"
"498","Silver","2",2022-02-16,"KELLER","Megan","W","Women","United States of America","Ice Hockey"
"499","Silver","2",2022-02-16,"ROONEY","Maddie","W","Women","United States of America","Ice Hockey"
"500","Silver","2",2022-02-16,"HENSLEY","Nicole","W","Women","United States of America","Ice Hockey"
"501","Silver","2",2022-02-16,"HARMON","Savannah","W","Women","United States of America","Ice Hockey"
"502","Silver","2",2022-02-16,"SCAMURRA","Hayley","W","Women","United States of America","Ice Hockey"
"503","Silver","2",2022-02-16,"KESSEL","Amanda","W","Women","United States of America","Ice Hockey"
"504","Gold","1",2022-02-16,"BJOERNSTAD","Espen","M","Team Gundersen Large Hill/4x5km","Norway","Nordic Combined"
"505","Gold","1",2022-02-16,"ANDERSEN","Espen","M","Team Gundersen Large Hill/4x5km","Norway","Nordic Combined"
"506","Gold","1",2022-02-16,"OFTEBRO","Jens Luraas","M","Team Gundersen Large Hill/4x5km","Norway","Nordic Combined"
"507","Gold","1",2022-02-16,"GRAABAK","Joergen","M","Team Gundersen Large Hill/4x5km","Norway","Nordic Combined"
"508","Silver","2",2022-02-16,"SCHMID","Julian","M","Team Gundersen Large Hill/4x5km","Germany","Nordic Combined"
"509","Silver","2",2022-02-16,"FRENZEL","Eric","M","Team Gundersen Large Hill/4x5km","Germany","Nordic Combined"
"510","Silver","2",2022-02-16,"FAISST","Manuel","M","Team Gundersen Large Hill/4x5km","Germany","Nordic Combined"
"511","Silver","2",2022-02-16,"GEIGER","Vinzenz","M","Team Gundersen Large Hill/4x5km","Germany","Nordic Combined"
"512","Bronze","3",2022-02-16,"WATABE","Akito","M","Team Gundersen Large Hill/4x5km","Japan","Nordic Combined"
"513","Bronze","3",2022-02-16,"YAMAMOTO","Ryota","M","Team Gundersen Large Hill/4x5km","Japan","Nordic Combined"
"514","Bronze","3",2022-02-16,"WATABE","Yoshito","M","Team Gundersen Large Hill/4x5km","Japan","Nordic Combined"
"515","Bronze","3",2022-02-16,"NAGAI","Hideaki","M","Team Gundersen Large Hill/4x5km","Japan","Nordic Combined"
"516","Gold","1",2022-02-16,"TAKAGI","Miho","W","Women's 1000m","Japan","Speed Skating"
"517","Silver","2",2022-02-16,"LEERDAM","Jutta","W","Women's 1000m","Netherlands","Speed Skating"
"518","Bronze","3",2022-02-16,"BOWE","Brittany","W","Women's 1000m","United States of America","Speed Skating"
"519","Gold","1",2022-02-17,"BOE","Johannes Thingnes","M","Men's 15km Mass Start","Norway","Biathlon"
"520","Silver","2",2022-02-17,"PONSILUOMA","Martin","M","Men's 15km Mass Start","Sweden","Biathlon"
"521","Bronze","3",2022-02-17,"CHRISTIANSEN","Vetle Sjaastad","M","Men's 15km Mass Start","Norway","Biathlon"
"522","Gold","1",2022-02-17,"BRAISAZ-BOUCHET","Justine","W","Women's 12.5km Mass Start","France","Biathlon"
"523","Silver","2",2022-02-17,"ECKHOFF","Tiril","W","Women's 12.5km Mass Start","Norway","Biathlon"
"524","Bronze","3",2022-02-17,"ROEISELAND","Marte Olsbu","W","Women's 12.5km Mass Start","Norway","Biathlon"
"525","Bronze","3",2022-02-17,"NICHOLS","Mark","M","Men","Canada","Curling"
"526","Bronze","3",2022-02-17,"GUSHUE","Brad","M","Men","Canada","Curling"
"527","Bronze","3",2022-02-17,"KENNEDY","Marc","M","Men","Canada","Curling"
"528","Bronze","3",2022-02-17,"WALKER","Geoff","M","Men","Canada","Curling"
"529","Bronze","3",2022-02-17,"GALLANT","Brett","M","Men","Canada","Curling"
"530","Gold","1",2022-02-17,"REGEZ","Ryan","M","Men's Ski Cross","Switzerland","Freestyle Skiing"
"531","Silver","2",2022-02-17,"FIVA","Alex","M","Men's Ski Cross","Switzerland","Freestyle Skiing"
"532","Bronze","3",2022-02-17,"RIDZIK","Sergey","M","Men's Ski Cross","Russian Olympic Committee","Freestyle Skiing"
"533","Gold","1",2022-02-17,"GU","Ailing Eileen","W","Women's Freeski Halfpipe","People's Republic of China","Freestyle Skiing"
"534","Silver","2",2022-02-17,"SHARPE","Cassie","W","Women's Freeski Halfpipe","Canada","Freestyle Skiing"
"535","Bronze","3",2022-02-17,"KARKER","Rachael","W","Women's Freeski Halfpipe","Canada","Freestyle Skiing"
"536","Gold","1",2022-02-17,"KROL","Thomas","M","Men's 1000m","Netherlands","Speed Skating"
"537","Silver","2",2022-02-17,"DUBREUIL","Laurent","M","Men's 1000m","Canada","Speed Skating"
"538","Bronze","3",2022-02-17,"LORENTZEN","Haavard Holmefjord","M","Men's 1000m","Norway","Speed Skating"
"539","Gold","1",2022-02-18,"NOLTE","Laura","W","2-woman","Germany","Bobsleigh"
"540","Gold","1",2022-02-18,"LEVI","Deborah","W","2-woman","Germany","Bobsleigh"
"541","Silver","2",2022-02-18,"BURGHARDT","Alexandra","W","2-woman","Germany","Bobsleigh"
"542","Silver","2",2022-02-18,"JAMANKA","Mariama","W","2-woman","Germany","Bobsleigh"
"543","Bronze","3",2022-02-18,"MEYERS","TAYLOR Elana","W","2-woman","United States of America","Bobsleigh"
"544","Bronze","3",2022-02-18,"HOFFMAN","Sylvia","W","2-woman","United States of America","Bobsleigh"
"545","Gold","1",2022-02-18,"BOLSHUNOV","Alexander","M","Men's 50km Mass Start Free","Russian Olympic Committee","Cross-Country Skiing"
"546","Silver","2",2022-02-18,"YAKIMUSHKIN","Ivan","M","Men's 50km Mass Start Free","Russian Olympic Committee","Cross-Country Skiing"
"547","Bronze","3",2022-02-18,"KRUEGER","Simen Hegstad","M","Men's 50km Mass Start Free","Norway","Cross-Country Skiing"
"548","Gold","1",2022-02-18,"EDIN","Niklas","M","Men","Sweden","Curling"
"549","Gold","1",2022-02-18,"ERIKSSON","Oskar","M","Men","Sweden","Curling"
"550","Gold","1",2022-02-18,"MAGNUSSON","Daniel","M","Men","Sweden","Curling"
"551","Gold","1",2022-02-18,"SUNDGREN","Christoffer","M","Men","Sweden","Curling"
"552","Gold","1",2022-02-18,"WRANAA","Rasmus","M","Men","Sweden","Curling"
"553","Silver","2",2022-02-18,"HARDIE","Grant","M","Men","Great Britain","Curling"
"554","Silver","2",2022-02-18,"LAMMIE","Bobby","M","Men","Great Britain","Curling"
"555","Silver","2",2022-02-18,"McMILLAN","Hammy","M","Men","Great Britain","Curling"
"556","Silver","2",2022-02-18,"MOUAT","Bruce","M","Men","Great Britain","Curling"
"557","Silver","2",2022-02-18,"WHYTE","Ross","M","Men","Great Britain","Curling"
"558","Bronze","3",2022-02-18,"HASSELBORG","Anna","W","Women","Sweden","Curling"
"559","Bronze","3",2022-02-18,"HELDIN","Johanna","W","Women","Sweden","Curling"
"560","Bronze","3",2022-02-18,"KNOCHENHAUER","Agnes","W","Women","Sweden","Curling"
"561","Bronze","3",2022-02-18,"McMANUS","Sara","W","Women","Sweden","Curling"
"562","Bronze","3",2022-02-18,"MABERGS","Sofia","W","Women","Sweden","Curling"
"563","Gold","1",2022-02-18,"SUI","Wenjing","O","Pair Skating","People's Republic of China","Figure Skating"
"564","Gold","1",2022-02-18,"HAN","Cong","O","Pair Skating","People's Republic of China","Figure Skating"
"565","Silver","2",2022-02-18,"TARASOVA","Evgenia","O","Pair Skating","Russian Olympic Committee","Figure Skating"
"566","Silver","2",2022-02-18,"MOROZOV","Vladimir","O","Pair Skating","Russian Olympic Committee","Figure Skating"
"567","Bronze","3",2022-02-18,"GALLIAMOV","Aleksandr","O","Pair Skating","Russian Olympic Committee","Figure Skating"
"568","Bronze","3",2022-02-18,"MISHINA","Anastasia","O","Pair Skating","Russian Olympic Committee","Figure Skating"
"569","Gold","1",2022-02-18,"PORTEOUS","Nico","M","Men's Freeski Halfpipe","New Zealand","Freestyle Skiing"
"570","Silver","2",2022-02-18,"WISE","David","M","Men's Freeski Halfpipe","United States of America","Freestyle Skiing"
"571","Bronze","3",2022-02-18,"FERREIRA","Alex","M","Men's Freeski Halfpipe","United States of America","Freestyle Skiing"
"572","Bronze","3",2022-02-18,"CEHLARIK","Peter","M","Men","Slovakia","Ice Hockey"
"573","Bronze","3",2022-02-18,"CAJKOVSKY","Michal","M","Men","Slovakia","Ice Hockey"
"574","Bronze","3",2022-02-18,"DANO","Marko","M","Men","Slovakia","Ice Hockey"
"575","Bronze","3",2022-02-18,"DALOGA","Marek","M","Men","Slovakia","Ice Hockey"
"576","Bronze","3",2022-02-18,"GERNAT","Martin","M","Men","Slovakia","Ice Hockey"
"577","Bronze","3",2022-02-18,"CERESNAK","Peter","M","Men","Slovakia","Ice Hockey"
"578","Bronze","3",2022-02-18,"HOLESINSKY","Adrian","M","Men","Slovakia","Ice Hockey"
"579","Bronze","3",2022-02-18,"HRIVIK","Marek","M","Men","Slovakia","Ice Hockey"
"580","Bronze","3",2022-02-18,"HUDACEK","Libor","M","Men","Slovakia","Ice Hockey"
"581","Bronze","3",2022-02-18,"JURCO","Tomas","M","Men","Slovakia","Ice Hockey"
"582","Bronze","3",2022-02-18,"KELEMEN","Milos","M","Men","Slovakia","Ice Hockey"
"583","Bronze","3",2022-02-18,"KNAZKO","Samuel","M","Men","Slovakia","Ice Hockey"
"584","Bronze","3",2022-02-18,"KONRAD","Branislav","M","Men","Slovakia","Ice Hockey"
"585","Bronze","3",2022-02-18,"KRISTOF","Michal","M","Men","Slovakia","Ice Hockey"
"586","Bronze","3",2022-02-18,"MARINCIN","Martin","M","Men","Slovakia","Ice Hockey"
"587","Bronze","3",2022-02-18,"NEMEC","Simon","M","Men","Slovakia","Ice Hockey"
"588","Bronze","3",2022-02-18,"POSPISIL","Kristian","M","Men","Slovakia","Ice Hockey"
"589","Bronze","3",2022-02-18,"REGENDA","Pavol","M","Men","Slovakia","Ice Hockey"
"590","Bronze","3",2022-02-18,"ROMAN","Milos","M","Men","Slovakia","Ice Hockey"
"591","Bronze","3",2022-02-18,"ROSANDIC","Mislav","M","Men","Slovakia","Ice Hockey"
"592","Bronze","3",2022-02-18,"RYBAR","Patrik","M","Men","Slovakia","Ice Hockey"
"593","Bronze","3",2022-02-18,"SLAFKOVSKY","Juraj","M","Men","Slovakia","Ice Hockey"
"594","Bronze","3",2022-02-18,"TOMEK","Matej","M","Men","Slovakia","Ice Hockey"
"595","Bronze","3",2022-02-18,"ZUZIN","Peter","M","Men","Slovakia","Ice Hockey"
"596","Bronze","3",2022-02-18,"TAKAC","Samuel","M","Men","Slovakia","Ice Hockey"
"597","Gold","1",2022-02-18,"SWINGS","Bart","M","Men's Mass Start","Belgium","Speed Skating"
"598","Silver","2",2022-02-18,"CHUNG","Jae Won","M","Men's Mass Start","Republic of Korea","Speed Skating"
"599","Bronze","3",2022-02-18,"LEE","Seung Hoon","M","Men's Mass Start","Republic of Korea","Speed Skating"
"600","Gold","1",2022-02-18,"SCHOUTEN","Irene","W","Women's Mass Start","Netherlands","Speed Skating"
"601","Silver","2",2022-02-18,"BLONDIN","Ivanie","W","Women's Mass Start","Canada","Speed Skating"
"602","Bronze","3",2022-02-18,"LOLLOBRIGIDA","Francesca","W","Women's Mass Start","Italy","Speed Skating"
"603","Gold","1",2022-02-19,"STROLZ","Johannes","O","Mixed Team Parallel","Austria","Alpine Skiing"
"604","Gold","1",2022-02-19,"LIENSBERGER","Katharina","O","Mixed Team Parallel","Austria","Alpine Skiing"
"605","Gold","1",2022-02-19,"TRUPPE","Katharina","O","Mixed Team Parallel","Austria","Alpine Skiing"
"606","Gold","1",2022-02-19,"BRENNSTEINER","Stefan","O","Mixed Team Parallel","Austria","Alpine Skiing"
"607","Gold","1",2022-02-19,"MATT","Michael","O","Mixed Team Parallel","Austria","Alpine Skiing"
"608","Gold","1",2022-02-19,"HUBER","Katharina","O","Mixed Team Parallel","Austria","Alpine Skiing"
"609","Silver","2",2022-02-19,"DUERR","Lena","O","Mixed Team Parallel","Germany","Alpine Skiing"
"610","Silver","2",2022-02-19,"STRASSER","Linus","O","Mixed Team Parallel","Germany","Alpine Skiing"
"611","Silver","2",2022-02-19,"SCHMID","Alexander","O","Mixed Team Parallel","Germany","Alpine Skiing"
"612","Silver","2",2022-02-19,"RAUCHFUSS","Julian","O","Mixed Team Parallel","Germany","Alpine Skiing"
"613","Silver","2",2022-02-19,"AICHER","Emma","O","Mixed Team Parallel","Germany","Alpine Skiing"
"614","Bronze","3",2022-02-19,"TVIBERG","Maria Therese","O","Mixed Team Parallel","Norway","Alpine Skiing"
"615","Bronze","3",2022-02-19,"STJERNESUND","Thea Louise","O","Mixed Team Parallel","Norway","Alpine Skiing"
"616","Bronze","3",2022-02-19,"HAUGAN","Timon","O","Mixed Team Parallel","Norway","Alpine Skiing"
"617","Bronze","3",2022-02-19,"SOLHEIM","Fabian Wilkens","O","Mixed Team Parallel","Norway","Alpine Skiing"
"618","Bronze","3",2022-02-19,"WINDINGSTAD","Rasmus","O","Mixed Team Parallel","Norway","Alpine Skiing"
"619","Bronze","3",2022-02-19,"HOLTMANN","Mina Fuerst","O","Mixed Team Parallel","Norway","Alpine Skiing"
"620","Gold","1",2022-02-19,"BAUER","Candy","O","4-man","Germany","Bobsleigh"
"621","Gold","1",2022-02-19,"FRIEDRICH","Francesco","O","4-man","Germany","Bobsleigh"
"622","Gold","1",2022-02-19,"SCHUELLER","Alexander","O","4-man","Germany","Bobsleigh"
"623","Gold","1",2022-02-19,"MARGIS","Thorsten","O","4-man","Germany","Bobsleigh"
"624","Silver","2",2022-02-19,"RASP","Christian","O","4-man","Germany","Bobsleigh"
"625","Silver","2",2022-02-19,"BAUER","Florian","O","4-man","Germany","Bobsleigh"
"626","Silver","2",2022-02-19,"WEBER","Christopher","O","4-man","Germany","Bobsleigh"
"627","Silver","2",2022-02-19,"LOCHNER","Johannes","O","4-man","Germany","Bobsleigh"
"628","Bronze","3",2022-02-19,"KRIPPS","Justin","O","4-man","Canada","Bobsleigh"
"629","Bronze","3",2022-02-19,"COAKWELL","Benjamin","O","4-man","Canada","Bobsleigh"
"630","Bronze","3",2022-02-19,"STONES","Cam","O","4-man","Canada","Bobsleigh"
"631","Bronze","3",2022-02-19,"SOMMER","Ryan","O","4-man","Canada","Bobsleigh"
"632","Gold","1",2022-02-19,"JOHAUG","Therese","W","Women's 30km Mass Start Free","Norway","Cross-Country Skiing"
"633","Silver","2",2022-02-19,"DIGGINS","Jessie","W","Women's 30km Mass Start Free","United States of America","Cross-Country Skiing"
"634","Bronze","3",2022-02-19,"NISKANEN","Kerttu","W","Women's 30km Mass Start Free","Finland","Cross-Country Skiing"
"635","Gold","1",2022-02-19,"WRIGHT","Vicky","W","Women","Great Britain","Curling"
"636","Gold","1",2022-02-19,"DODDS","Jennifer","W","Women","Great Britain","Curling"
"637","Gold","1",2022-02-19,"DUFF","Hailey","W","Women","Great Britain","Curling"
"638","Gold","1",2022-02-19,"MUIRHEAD","Eve","W","Women","Great Britain","Curling"
"639","Gold","1",2022-02-19,"SMITH","Mili","W","Women","Great Britain","Curling"
"640","Silver","2",2022-02-19,"FUJISAWA","Satsuki","W","Women","Japan","Curling"
"641","Silver","2",2022-02-19,"YOSHIDA","Chinami","W","Women","Japan","Curling"
"642","Silver","2",2022-02-19,"YOSHIDA","Yurika","W","Women","Japan","Curling"
"643","Silver","2",2022-02-19,"SUZUKI","Yumi","W","Women","Japan","Curling"
"644","Silver","2",2022-02-19,"ISHIZAKI","Kotomi","W","Women","Japan","Curling"
"645","Gold","1",2022-02-19,"PAKARINEN","Iiro","M","Men","Finland","Ice Hockey"
"646","Gold","1",2022-02-19,"GRANLUND","Markus","M","Men","Finland","Ice Hockey"
"647","Gold","1",2022-02-19,"KEMILAINEN","Valtteri","M","Men","Finland","Ice Hockey"
"648","Gold","1",2022-02-19,"KOMAROV","Leo","M","Men","Finland","Ice Hockey"
"649","Gold","1",2022-02-19,"MAENALANEN","Saku","M","Men","Finland","Ice Hockey"
"650","Gold","1",2022-02-19,"NATTINEN","Joonas","M","Men","Finland","Ice Hockey"
"651","Gold","1",2022-02-19,"FILPPULA","Valtteri","M","Men","Finland","Ice Hockey"
"652","Gold","1",2022-02-19,"FRIMAN","Niklas","M","Men","Finland","Ice Hockey"
"653","Gold","1",2022-02-19,"ANTTILA","Marko","M","Men","Finland","Ice Hockey"
"654","Gold","1",2022-02-19,"OLKINUORA","Jussi","M","Men","Finland","Ice Hockey"
"655","Gold","1",2022-02-19,"PESONEN","Harri","M","Men","Finland","Ice Hockey"
"656","Gold","1",2022-02-19,"TUOHIMAA","Frans","M","Men","Finland","Ice Hockey"
"657","Gold","1",2022-02-19,"VATANEN","Sami","M","Men","Finland","Ice Hockey"
"658","Gold","1",2022-02-19,"AALTONEN","Miro","M","Men","Finland","Ice Hockey"
"659","Gold","1",2022-02-19,"BJORNINEN","Hannes","M","Men","Finland","Ice Hockey"
"660","Gold","1",2022-02-19,"HARTIKAINEN","Teemu","M","Men","Finland","Ice Hockey"
"661","Gold","1",2022-02-19,"HIETANEN","Juuso","M","Men","Finland","Ice Hockey"
"662","Gold","1",2022-02-19,"SATERI","Harri","M","Men","Finland","Ice Hockey"
"663","Gold","1",2022-02-19,"LEHTONEN","Mikko","M","Men","Finland","Ice Hockey"
"664","Gold","1",2022-02-19,"LINDBOHM","Petteri","M","Men","Finland","Ice Hockey"
"665","Gold","1",2022-02-19,"MANNINEN","Sakari","M","Men","Finland","Ice Hockey"
"666","Gold","1",2022-02-19,"OHTAMAA","Atte","M","Men","Finland","Ice Hockey"
"667","Gold","1",2022-02-19,"OJAMAKI","Niko","M","Men","Finland","Ice Hockey"
"668","Gold","1",2022-02-19,"POKKA","Ville","M","Men","Finland","Ice Hockey"
"669","Gold","1",2022-02-19,"RAJALA","Toni","M","Men","Finland","Ice Hockey"
"670","Silver","2",2022-02-19,"GUSEV","Nikita","M","Men","Russian Olympic Committee","Ice Hockey"
"671","Silver","2",2022-02-19,"SEMYONOV","Kirill","M","Men","Russian Olympic Committee","Ice Hockey"
"672","Silver","2",2022-02-19,"SHIPACHYOV","Vadim","M","Men","Russian Olympic Committee","Ice Hockey"
"673","Silver","2",2022-02-19,"YAKOVLEV","Yegor","M","Men","Russian Olympic Committee","Ice Hockey"
"674","Silver","2",2022-02-19,"GRITSYUK","Arseni","M","Men","Russian Olympic Committee","Ice Hockey"
"675","Silver","2",2022-02-19,"PLOTNIKOV","Sergei","M","Men","Russian Olympic Committee","Ice Hockey"
"676","Silver","2",2022-02-19,"VOINOV","Vyacheslav","M","Men","Russian Olympic Committee","Ice Hockey"
"677","Silver","2",2022-02-19,"GALIEV","Stanislav","M","Men","Russian Olympic Committee","Ice Hockey"
"678","Silver","2",2022-02-19,"YELESIN","Alexander","M","Men","Russian Olympic Committee","Ice Hockey"
"679","Silver","2",2022-02-19,"KAYUMOV","Artur","M","Men","Russian Olympic Committee","Ice Hockey"
"680","Silver","2",2022-02-19,"MINULIN","Artyom","M","Men","Russian Olympic Committee","Ice Hockey"
"681","Silver","2",2022-02-19,"ANDRONOV","Sergei","M","Men","Russian Olympic Committee","Ice Hockey"
"682","Silver","2",2022-02-19,"BILYALOV","Timur","M","Men","Russian Olympic Committee","Ice Hockey"
"683","Silver","2",2022-02-19,"VORONKOV","Dmitri","M","Men","Russian Olympic Committee","Ice Hockey"
"684","Silver","2",2022-02-19,"GRIGORENKO","Mikhail","M","Men","Russian Olympic Committee","Ice Hockey"
"685","Silver","2",2022-02-19,"KARNAUKHOV","Pavel","M","Men","Russian Olympic Committee","Ice Hockey"
"686","Silver","2",2022-02-19,"NESTEROV","Nikita","M","Men","Russian Olympic Committee","Ice Hockey"
"687","Silver","2",2022-02-19,"SAMONOV","Alexander","M","Men","Russian Olympic Committee","Ice Hockey"
"688","Silver","2",2022-02-19,"SLEPYSHEV","Anton","M","Men","Russian Olympic Committee","Ice Hockey"
"689","Silver","2",2022-02-19,"FEDOTOV","Ivan","M","Men","Russian Olympic Committee","Ice Hockey"
"690","Silver","2",2022-02-19,"CHIBISOV","Andrei","M","Men","Russian Olympic Committee","Ice Hockey"
"691","Silver","2",2022-02-19,"SHARIPZYANOV","Damir","M","Men","Russian Olympic Committee","Ice Hockey"
"692","Silver","2",2022-02-19,"NIKISHIN","Alexander","M","Men","Russian Olympic Committee","Ice Hockey"
"693","Silver","2",2022-02-19,"TELEGIN","Sergei","M","Men","Russian Olympic Committee","Ice Hockey"
"694","Silver","2",2022-02-19,"TKACHYOV","Vladimir","M","Men","Russian Olympic Committee","Ice Hockey"
