"","Bib","Name","Country","Gender","Division","Division Rank","Overall Time","Overall Rank","Swim Time...9","Swim Rank","Bike Time","Bike Rank","Run Time","Run Rank","Finish Status","...16","Swim Time...17"
"1",3,"Sarah True","United States","Female","FPRO",1,"9:00:22",11,00:55:36,28,"4:55:30",21,"3:04:07",7,"Finisher",NA,55:36:00
"2",1,"Heather Jackson","United States","Female","FPRO",2,"9:16:23",13,01:05:22,238,"4:52:21",18,"3:13:53",16,"Finisher",NA,01:05:22
"3",8,"Jodie Robertson","United States","Female","FPRO",3,"9:22:02",16,01:02:55,148,"5:04:32",33,"3:07:41",11,"Finisher",NA,01:02:55
"4",5,"Rachel Zilinskas","United States","Female","FPRO",4,"9:32:33",20,00:50:57,10,"5:11:52",47,"3:23:23",30,"Finisher",NA,50:57:00
"5",2,"Melanie Mcquaid","Canada","Female","FPRO",5,"9:34:32",21,00:58:03,57,"5:05:32",35,"3:25:45",35,"Finisher",NA,58:03:00
"6",10,"Angela Naeth","United States","Female","FPRO",6,"9:45:36",28,01:05:50,254,"5:06:02",36,"3:28:08",38,"Finisher",NA,01:05:50
"7",7,"Jessica Smith","United States","Female","FPRO",7,"9:50:32",33,00:58:04,58,"5:16:48",60,"3:29:44",41,"Finisher",NA,58:04:00
"8",6,"Dede Griesbauer","United States","Female","FPRO",8,"9:53:12",35,00:58:09,60,"4:58:27",23,"3:50:01",98,"Finisher",NA,58:09:00
"9",313,"Annamarie Strehlow","United States","Female","F30-34",1,"9:56:52",39,01:03:24,161,"5:25:17",97,"3:21:32",25,"Finisher",NA,01:03:24
"10",15,"Alexandra Watt","United States","Female","FPRO",9,"9:58:29",40,01:02:21,134,"5:23:43",86,"3:24:32",31,"Finisher",NA,01:02:21
"11",9,"Pamela-Ann Bachelder St Pierre","Canada","Female","FPRO",10,"10:10:21",51,01:05:49,253,"5:24:42",94,"3:34:14",52,"Finisher",NA,01:05:49
"12",333,"Marni Sumbal","United States","Female","F40-44",1,"10:25:01",67,00:57:40,53,"5:24:34",93,"3:53:27",113,"Finisher",NA,57:40:00
"13",14,"Alice Alberts","United States","Female","FPRO",11,"10:28:32",70,01:01:56,125,"5:15:43",57,"4:03:57",149,"Finisher",NA,01:01:56
"14",408,"Caitlin Standifer","United States","Female","F30-34",2,"10:31:09",74,01:05:10,229,"5:43:29",187,"3:31:07",43,"Finisher",NA,01:05:10
"15",12,"Amy Vantassel","United States","Female","FPRO",12,"10:34:40",79,01:11:10,508,"5:49:35",240,"3:27:32",37,"Finisher",NA,01:11:10
"16",345,"Tara Mcwilliams","United States","Female","F35-39",1,"10:35:33",80,00:55:15,27,"5:44:03",193,"3:48:58",95,"Finisher",NA,55:15:00
"17",209,"Liz Miller","United States","Female","F35-39",2,"10:37:09",82,01:07:00,298,"5:45:17",201,"3:34:17",53,"Finisher",NA,01:07:00
"18",17,"Sarah Karpinski","United States","Female","FPRO",13,"10:38:42",84,01:11:32,523,"5:44:30",195,"3:35:08",57,"Finisher",NA,01:11:32
"19",1759,"Barbara Rieger","Germany","Female","F40-44",2,"10:47:56",94,01:12:27,594,"5:21:17",73,"4:04:29",154,"Finisher",NA,01:12:27
"20",412,"Rebecca Yunginger","United States","Female","F25-29",1,"10:49:09",96,01:03:13,154,"5:28:18",108,"4:11:26",194,"Finisher",NA,01:03:13
"21",407,"Emily Rollins","United States","Female","F45-49",1,"10:51:02",100,01:09:22,406,"5:43:41",190,"3:47:41",89,"Finisher",NA,01:09:22
"22",387,"Kara Brown","United States","Female","F30-34",3,"10:55:20",110,01:12:59,631,"5:33:11",128,"3:57:41",127,"Finisher",NA,01:12:59
"23",628,"Kristen Lamb","United States","Female","F45-49",2,"10:57:44",115,01:11:05,502,"5:44:26",194,"3:52:48",109,"Finisher",NA,01:11:05
"24",278,"Mariana Wingood","United States","Female","F35-39",3,"11:00:07",125,01:11:56,554,"5:51:24",256,"3:44:29",77,"Finisher",NA,01:11:56
"25",1000,"Carley Kenwell","Canada","Female","F35-39",4,"11:00:19",126,01:05:42,249,"5:46:48",214,"3:57:32",126,"Finisher",NA,01:05:42
"26",16,"Katie Morales","United States","Female","FPRO",14,"11:00:20",127,00:58:07,59,"5:24:20",91,"4:29:42",339,"Finisher",NA,58:07:00
"27",1935,"Seanna Robinson","Canada","Female","F45-49",3,"11:05:02",131,01:14:21,727,"6:07:18",415,"3:31:15",45,"Finisher",NA,01:14:21
"28",1526,"Alice Binns","United States","Female","F30-34",4,"11:07:09",136,01:07:00,300,"5:49:36",241,"4:00:35",139,"Finisher",NA,01:07:00
"29",266,"Robin Barth","United States","Female","F30-34",5,"11:07:49",139,01:00:14,95,"6:12:07",484,"3:46:50",86,"Finisher",NA,01:00:14
"30",1633,"Rebecca Richter","United States","Female","F30-34",6,"11:10:17",144,01:07:44,340,"6:01:55",352,"3:50:33",100,"Finisher",NA,01:07:44
"31",869,"Rebecca Stamp","United States","Female","F40-44",3,"11:11:53",146,00:59:06,76,"5:50:17",247,"4:14:43",214,"Finisher",NA,59:06:00
"32",389,"Chelsea Tiner","United States","Female","F35-39",5,"11:16:16",156,01:05:39,245,"5:38:54",161,"4:20:36",263,"Finisher",NA,01:05:39
"33",1417,"Brittani Bennett","United States","Female","F25-29",2,"11:17:21",158,00:56:33,38,"6:09:29",448,"4:01:14",145,"Finisher",NA,56:33:00
"34",511,"Marie-Christine Lavoie","Canada","Female","F45-49",4,"11:19:23",161,01:17:15,899,"5:44:43",199,"4:07:00",172,"Finisher",NA,01:17:15
"35",334,"Sara Randolph","United States","Female","F45-49",5,"11:20:01",162,01:04:42,211,"6:06:51",408,"3:58:42",131,"Finisher",NA,01:04:42
"36",262,"Lori Sherlock","United States","Female","F40-44",4,"11:20:20",164,01:01:08,112,"5:54:07",282,"4:15:52",224,"Finisher",NA,01:01:08
"37",379,"Berber Kramer","Netherlands","Female","F35-39",6,"11:21:17",166,01:11:20,515,"5:20:35",71,"4:41:52",468,"Finisher",NA,01:11:20
"38",317,"Lauren Groppi","United States","Female","F40-44",5,"11:23:45",172,01:14:12,709,"6:10:17",460,"3:50:08",99,"Finisher",NA,01:14:12
"39",936,"Alanna Hollborn","United States","Female","F35-39",7,"11:29:58",189,01:16:50,869,"6:21:08",595,"3:43:40",74,"Finisher",NA,01:16:50
"40",156,"Frannie Koback","United States","Female","F25-29",3,"11:32:28",199,01:10:43,477,"6:14:22",507,"3:55:41",121,"Finisher",NA,01:10:43
"41",1240,"Julie Hall├⌐","Canada","Female","F40-44",6,"11:33:09",202,01:17:37,921,"6:17:07",540,"3:46:37",83,"Finisher",NA,01:17:37
"42",1356,"Veronique Proulx","Canada","Female","F30-34",7,"11:33:10",203,01:09:47,425,"6:02:10",354,"4:11:27",195,"Finisher",NA,01:09:47
"43",1009,"Elena Massa-Musiak","United States","Female","F40-44",7,"11:35:37",213,01:06:42,289,"6:03:02",363,"4:16:59",232,"Finisher",NA,01:06:42
"44",590,"Elizabeth Johnson","United States","Female","F45-49",6,"11:38:20",219,01:05:04,223,"6:04:08",379,"4:17:01",233,"Finisher",NA,01:05:04
"45",1971,"Carolyn Steele Gray","Canada","Female","F35-39",8,"11:39:32",221,01:09:12,396,"6:07:50",422,"4:08:02",182,"Finisher",NA,01:09:12
"46",1740,"Ekaterina Hardin","United States","Female","F35-39",9,"11:40:52",224,01:10:42,476,"6:02:15",356,"4:12:29",197,"Finisher",NA,01:10:42
"47",995,"Tanya Philp","Canada","Female","F50-54",1,"11:44:45",240,01:09:48,427,"5:57:46",307,"4:23:02",287,"Finisher",NA,01:09:48
"48",1202,"Kasha Bonneville","Canada","Female","F25-29",4,"11:44:45",239,01:04:58,219,"6:08:35",432,"4:22:27",281,"Finisher",NA,01:04:58
"49",979,"Carrie Peterson","United States","Female","F40-44",8,"11:46:08",243,01:14:12,706,"6:23:58",628,"3:57:12",124,"Finisher",NA,01:14:12
"50",629,"Jaquelin Hubbard","United States","Female","F35-39",10,"11:48:08",251,01:12:20,588,"5:54:00",279,"4:28:12",325,"Finisher",NA,01:12:20
"51",988,"Paulette Dalton","Canada","Female","F35-39",11,"11:49:42",258,01:10:30,465,"6:09:28",446,"4:19:41",256,"Finisher",NA,01:10:30
"52",1376,"Valerie Lalancette","Canada","Female","F45-49",7,"11:51:22",266,01:04:57,217,"6:13:17",498,"4:21:01",269,"Finisher",NA,01:04:57
"53",205,"Jennifer Scalise-Marinofsky","United States","Female","F50-54",2,"11:53:02",272,00:58:35,68,"6:24:17",635,"4:21:38",274,"Finisher",NA,58:35:00
"54",276,"Hunter Ralston","United States","Female","F25-29",5,"11:53:16",274,01:09:35,414,"6:02:38",361,"4:31:48",361,"Finisher",NA,01:09:35
"55",1040,"Mary Mclaughlin","United States","Female","F50-54",3,"11:53:50",275,01:20:26,1120,"5:53:45",275,"4:24:47",305,"Finisher",NA,01:20:26
"56",224,"Katie Hamister","United States","Female","F40-44",9,"11:54:28",277,01:10:45,481,"6:03:58",375,"4:29:38",338,"Finisher",NA,01:10:45
"57",1859,"Ruthie Steciuk","United States","Female","F35-39",12,"11:58:07",294,01:19:07,1044,"6:01:52",351,"4:25:52",312,"Finisher",NA,01:19:07
"58",850,"Stephanie Snow","United States","Female","F25-29",6,"11:58:35",297,01:16:30,846,"6:11:02",470,"4:17:35",238,"Finisher",NA,01:16:30
"59",422,"Erika Lilley","United States","Female","F40-44",10,"11:59:40",301,01:11:18,513,"6:17:40",547,"4:16:57",231,"Finisher",NA,01:11:18
"60",753,"Kelly Adamshick","United States","Female","F40-44",11,"12:01:24",306,01:14:51,753,"5:51:45",257,"4:46:23",507,"Finisher",NA,01:14:51
"61",275,"Angie Defilippi","United States","Female","F45-49",8,"12:01:52",308,01:13:33,665,"6:38:18",800,"4:01:06",144,"Finisher",NA,01:13:33
"62",510,"Carol Swift","Canada","Female","F50-54",4,"12:02:07",311,01:03:41,174,"6:22:27",604,"4:24:10",298,"Finisher",NA,01:03:41
"63",220,"Blair Elefant","United States","Female","F40-44",12,"12:04:16",316,01:09:56,436,"6:09:19",443,"4:31:22",354,"Finisher",NA,01:09:56
"64",1144,"Lesley Rasmussen","United States","Female","F40-44",13,"12:05:04",319,01:05:00,221,"6:14:00",502,"4:33:32",379,"Finisher",NA,01:05:00
"65",325,"Sue Rubens","United States","Female","F55-59",1,"12:05:17",320,01:12:12,579,"5:53:32",271,"4:49:51",532,"Finisher",NA,01:12:12
"66",1019,"Mary Beth Heine","United States","Female","F30-34",8,"12:06:27",323,01:02:40,142,"6:28:07",682,"4:19:27",253,"Finisher",NA,01:02:40
"67",1344,"Nicki Kinney","United States","Female","F40-44",14,"12:08:23",330,01:18:26,978,"6:34:43",756,"4:01:05",142,"Finisher",NA,01:18:26
"68",1182,"Meghan Lout","United States","Female","F40-44",15,"12:10:08",336,01:24:19,1379,"6:43:01",874,"3:52:06",107,"Finisher",NA,01:24:19
"69",2115,"Mallory Pullman","Canada","Female","F35-39",13,"12:10:37",342,01:09:00,387,"5:57:27",303,"4:52:39",560,"Finisher",NA,01:09:00
"70",570,"Tina Kader","United States","Female","F60-64",1,"12:11:53",346,01:18:22,970,"6:24:34",636,"4:12:41",199,"Finisher",NA,01:18:22
"71",1079,"Stephanie Rose","Canada","Female","F50-54",5,"12:12:37",351,01:13:03,636,"6:16:08",531,"4:31:33",357,"Finisher",NA,01:13:03
"72",1978,"Kristen Courcelle","United States","Female","F40-44",16,"12:13:52",355,01:25:07,1421,"6:14:06",503,"4:22:04",278,"Finisher",NA,01:25:07
"73",1874,"Grace Lindell","United States","Female","F18-24",1,"12:14:22",358,01:08:47,376,"6:31:41",717,"4:22:44",284,"Finisher",NA,01:08:47
"74",1335,"Cindy Mercier","Canada","Female","F45-49",9,"12:14:28",360,01:08:19,362,"6:12:04",482,"4:42:28",475,"Finisher",NA,01:08:19
"75",1866,"Delia Chan","Canada","Female","F45-49",10,"12:16:07",368,01:09:48,428,"6:15:29",523,"4:37:10",411,"Finisher",NA,01:09:48
"76",994,"Jessica Mclean","Canada","Female","F35-39",14,"12:19:16",377,01:04:21,197,"6:20:40",591,"4:42:10",471,"Finisher",NA,01:04:21
"77",1858,"Andrea Steciuk","United States","Female","F30-34",9,"12:19:33",378,01:22:31,1248,"6:08:31",430,"4:38:33",423,"Finisher",NA,01:22:31
"78",2251,"Emily Mauhar","United States","Female","F25-29",7,"12:22:22",382,01:08:16,358,"6:35:07",760,"4:24:05",296,"Finisher",NA,01:08:16
"79",1692,"Tracy Blaumauer","United States","Female","F35-39",15,"12:23:04",385,01:13:15,648,"6:33:48",742,"4:22:21",280,"Finisher",NA,01:13:15
"80",321,"Sarah Budd","United States","Female","F30-34",10,"12:25:32",396,01:14:37,741,"6:25:19",644,"4:31:01",349,"Finisher",NA,01:14:37
"81",2241,"Wendy Mehaffey","United States","Female","F45-49",11,"12:25:40",398,01:12:17,584,"6:14:46",509,"4:48:36",518,"Finisher",NA,01:12:17
"82",274,"Melissa Goodman","United States","Female","F40-44",17,"12:25:49",399,01:23:22,1315,"6:10:49",466,"4:39:03",435,"Finisher",NA,01:23:22
"83",615,"Melissa Burin","United States","Female","F45-49",12,"12:26:23",402,01:18:38,995,"6:20:34",589,"4:32:21",367,"Finisher",NA,01:18:38
"84",631,"Allison Gomez","United States","Female","F40-44",18,"12:28:14",411,01:11:00,498,"6:18:30",558,"4:48:43",520,"Finisher",NA,01:11:00
"85",1651,"Lindsey Calligaro","United States","Female","F35-39",16,"12:29:53",416,01:11:35,530,"6:15:11",516,"4:50:54",548,"Finisher",NA,01:11:35
"86",1635,"Julie Simard","Canada","Female","F45-49",13,"12:30:57",422,01:21:21,1177,"5:53:40",273,"4:59:25",649,"Finisher",NA,01:21:21
"87",833,"Madeline Marino","United States","Female","F30-34",11,"12:31:36",427,01:05:54,256,"6:23:33",622,"4:45:53",499,"Finisher",NA,01:05:54
"88",808,"Virginie Barbeau","Canada","Female","F40-44",19,"12:31:37",428,01:12:44,620,"6:13:28",500,"4:52:29",559,"Finisher",NA,01:12:44
"89",424,"Ashley Blake","United States","Female","F35-39",17,"12:32:13",430,01:16:06,829,"5:52:15",266,"5:15:21",828,"Finisher",NA,01:16:06
"90",542,"Bridget Riordan","United States","Female","F55-59",2,"12:33:26",440,01:14:01,695,"6:42:46",871,"4:22:52",285,"Finisher",NA,01:14:01
"91",482,"Margaret Smith","United States","Female","F35-39",18,"12:33:27",441,01:09:45,424,"6:00:10",328,"5:09:54",770,"Finisher",NA,01:09:45
"92",1946,"Bridget Freudenberger","United States","Female","F40-44",20,"12:34:07",444,01:19:05,1037,"6:34:45",757,"4:23:55",295,"Finisher",NA,01:19:05
"93",553,"Lauren Gehrman","United States","Female","F30-34",12,"12:34:19",446,01:19:48,1080,"6:46:24",937,"4:12:29",198,"Finisher",NA,01:19:48
"94",580,"Casey Tucker","United States","Female","F25-29",8,"12:34:20",447,01:11:06,503,"6:32:56",730,"4:30:02",343,"Finisher",NA,01:11:06
"95",503,"Emily Jakob","United States","Female","F25-29",9,"12:35:18",449,01:09:17,401,"6:43:45",893,"4:20:39",264,"Finisher",NA,01:09:17
"96",374,"Angela Kay","United States","Female","F30-34",13,"12:37:34",461,01:13:33,664,"6:22:49",608,"4:47:22",509,"Finisher",NA,01:13:33
"97",2242,"Rachel Fernandez","Canada","Female","F40-44",21,"12:38:58",466,01:08:02,352,"6:31:19",710,"4:31:40",358,"Finisher",NA,01:08:02
"98",1527,"Patricia Kolias","United States","Female","F55-59",3,"12:39:05",468,01:30:00,1671,"6:27:48",676,"4:24:34",302,"Finisher",NA,01:30:00
"99",176,"Katie Zera","United States","Female","F35-39",19,"12:40:22",474,01:22:56,1283,"6:28:03",680,"4:38:47",427,"Finisher",NA,01:22:56
"100",1857,"Jessica Bosy","United States","Female","F25-29",10,"12:40:31",476,01:14:56,760,"6:19:23",569,"4:56:27",606,"Finisher",NA,01:14:56
"101",803,"Jane Macleod","Canada","Female","F65-69",1,"12:41:36",482,01:29:49,1665,"6:30:44",701,"4:23:36",294,"Finisher",NA,01:29:49
"102",541,"Amy Steffen","United States","Female","F45-49",14,"12:41:49",487,01:23:04,1288,"6:50:34",989,"4:17:03",234,"Finisher",NA,01:23:04
"103",1654,"Andrea Pattington","United States","Female","F25-29",11,"12:42:24",491,01:24:23,1384,"6:03:12",366,"5:01:55",676,"Finisher",NA,01:24:23
"104",356,"Ruth Henshaw","Canada","Female","F45-49",15,"12:44:45",498,01:26:59,1530,"6:22:52",610,"4:38:56",430,"Finisher",NA,01:26:59
"105",595,"Martha Berrouard","United States","Female","F55-59",4,"12:45:12",499,01:09:53,434,"6:10:13",459,"5:13:39",803,"Finisher",NA,01:09:53
"106",1006,"Kate Daly","United States","Female","F30-34",14,"12:45:47",503,01:26:22,1492,"6:15:27",522,"4:55:35",594,"Finisher",NA,01:26:22
"107",1545,"Katharine Riefenstahl","United States","Female","F30-34",15,"12:46:53",509,00:54:52,24,"6:39:45",839,"4:56:31",610,"Finisher",NA,54:52:00
"108",401,"Joellen Kohlman-Petrick","United States","Female","F45-49",16,"12:47:22",512,01:12:05,569,"7:03:07",1161,"4:12:49",201,"Finisher",NA,01:12:05
"109",871,"Laura Teetz","United States","Female","F40-44",22,"12:48:00",514,01:27:09,1542,"5:59:28",319,"5:04:14",707,"Finisher",NA,01:27:09
"110",1905,"Andrian Mcadams","United States","Female","M30-34",72,"12:48:38",518,01:14:21,723,"6:43:29",885,"4:31:10",350,"Finisher",NA,01:14:21
"111",2367,"Eleanor Colledge","Canada","Female","F45-49",17,"12:48:52",520,01:15:29,803,"6:54:07",1039,"4:17:33",237,"Finisher",NA,01:15:29
"112",1299,"Samantha Damare","United States","Female","F30-34",16,"12:49:54",525,01:08:55,380,"6:35:13",763,"4:54:09",579,"Finisher",NA,01:08:55
"113",2171,"Shoko Okabe","United States","Female","F25-29",12,"12:49:58",526,01:14:55,759,"6:32:20",723,"4:47:31",511,"Finisher",NA,01:14:55
"114",1241,"Vicky Masson","Canada","Female","F45-49",18,"12:51:08",533,01:19:38,1072,"6:51:14",993,"4:28:26",329,"Finisher",NA,01:19:38
"115",368,"Katie Malone","United States","Female","F45-49",19,"12:51:14",534,01:07:21,315,"6:45:24",924,"4:40:46",456,"Finisher",NA,01:07:21
"116",1340,"Laura Gfeller","Canada","Female","F30-34",17,"12:52:43",542,01:09:39,419,"6:38:34",810,"4:49:59",534,"Finisher",NA,01:09:39
"117",2186,"Heather Gaida","United States","Female","F45-49",20,"12:52:55",544,01:32:43,1773,"5:47:27",220,"5:19:16",878,"Finisher",NA,01:32:43
"118",778,"Beth Mullikin","United States","Female","F45-49",21,"12:53:33",550,01:14:23,729,"6:38:30",806,"4:43:53",490,"Finisher",NA,01:14:23
"119",961,"Jyoti Chandra","Canada","Female","F45-49",22,"12:53:51",554,01:19:40,1075,"6:48:43",966,"4:21:47",275,"Finisher",NA,01:19:40
"120",947,"Judy Spilka","United States","Female","F30-34",18,"12:55:05",566,01:16:48,866,"6:42:05",866,"4:37:59",416,"Finisher",NA,01:16:48
"121",1969,"Jie Gao","United States","Female","F25-29",13,"12:55:06",567,01:13:25,657,"6:42:59",872,"4:43:22",484,"Finisher",NA,01:13:25
"122",1272,"Brenda Mcrae","United States","Female","F35-39",20,"12:56:00",569,01:25:59,1460,"7:12:31",1280,"3:56:46",123,"Finisher",NA,01:25:59
"123",355,"Sharon Michaelson","United States","Female","F55-59",5,"12:56:57",579,01:32:53,1781,"6:27:02",664,"4:34:42",390,"Finisher",NA,01:32:53
"124",996,"Laurie Depault","Canada","Female","F25-29",14,"12:59:39",592,00:58:17,62,"6:54:14",1043,"4:58:09",627,"Finisher",NA,58:17:00
"125",865,"Kristin Meurer","United States","Female","F40-44",23,"13:01:02",603,01:13:10,642,"6:39:29",831,"4:54:31",582,"Finisher",NA,01:13:10
"126",1849,"Dawn Pielechaty","Canada","Female","F35-39",21,"13:01:58",608,01:19:27,1061,"6:50:29",986,"4:25:25",310,"Finisher",NA,01:19:27
"127",394,"Paige Cooley","United States","Female","F25-29",15,"13:05:12",622,01:16:24,839,"6:26:02",649,"5:04:00",703,"Finisher",NA,01:16:24
"128",2161,"Caitlin Corbett","United States","Female","F25-29",16,"13:06:18",629,01:15:05,772,"6:45:00",919,"4:47:25",510,"Finisher",NA,01:15:05
"129",1091,"Lauren Chamberlain","United States","Female","F35-39",22,"13:06:42",635,01:02:41,143,"6:36:37",780,"5:15:14",824,"Finisher",NA,01:02:41
"130",2261,"Samantha Matthews","United States","Female","F30-34",19,"13:06:42",634,01:22:49,1271,"6:56:22",1082,"4:28:05",324,"Finisher",NA,01:22:49
"131",1499,"Yurany Echeverri","United States","Female","F35-39",23,"13:07:49",644,01:20:12,1101,"6:29:59",696,"5:01:06",668,"Finisher",NA,01:20:12
"132",280,"Dmitry Pikman","United States","Female","M40-44",99,"13:07:56",645,01:12:19,586,"6:36:30",779,"5:02:09",681,"Finisher",NA,01:12:19
"133",1788,"Jennifer Boydston","United States","Female","F45-49",23,"13:08:21",646,01:26:07,1465,"6:26:35",658,"4:53:42",573,"Finisher",NA,01:26:07
"134",627,"Jennifer Benz","United States","Female","F40-44",24,"13:08:47",649,01:19:49,1081,"6:35:30",765,"4:59:43",652,"Finisher",NA,01:19:49
"135",792,"Carol_Ann Millner","United States","Female","F45-49",24,"13:08:56",652,01:19:05,1035,"6:43:53",898,"4:53:11",567,"Finisher",NA,01:19:05
"136",329,"Fiona Martin","United States","Female","F40-44",25,"13:09:00",653,01:12:19,587,"6:22:46",607,"5:21:51",915,"Finisher",NA,01:12:19
"137",1616,"Mary Curran","United States","Female","F50-54",6,"13:09:29",656,01:03:30,164,"6:53:47",1035,"4:51:02",550,"Finisher",NA,01:03:30
"138",964,"Kelly Niedzwiecki","United States","Female","F45-49",25,"13:09:41",658,01:20:01,1091,"7:14:32",1302,"4:14:31",213,"Finisher",NA,01:20:01
"139",206,"Mary Duprey","United States","Female","F60-64",2,"13:09:54",661,01:14:33,737,"6:17:11",542,"5:23:25",932,"Finisher",NA,01:14:33
"140",302,"Isabelle Vachon","Canada","Female","F45-49",26,"13:10:44",664,01:21:00,1151,"6:43:19",879,"4:48:54",521,"Finisher",NA,01:21:00
"141",1290,"Kori Martini","United States","Female","F45-49",27,"13:11:30",672,01:11:36,531,"6:04:51",387,"5:36:51",1059,"Finisher",NA,01:11:36
"142",1014,"Rebecca Miller","United States","Female","F30-34",20,"13:12:01",678,01:17:59,942,"7:05:20",1189,"4:32:29",368,"Finisher",NA,01:17:59
"143",327,"Jodi Coffee","United States","Female","F45-49",28,"13:13:25",690,01:11:40,537,"6:39:44",838,"5:06:39",735,"Finisher",NA,01:11:40
"144",1479,"Chelsea Weis","United States","Female","F30-34",21,"13:13:51",692,01:19:17,1053,"6:27:17",669,"5:14:57",816,"Finisher",NA,01:19:17
"145",294,"Magdalena Petryk","United States","Female","F60-64",3,"13:14:23",693,01:32:47,1777,"6:47:00",943,"4:35:48",399,"Finisher",NA,01:32:47
"146",789,"Trish Muccia","United States","Female","F50-54",7,"13:14:29",694,01:26:21,1491,"6:35:33",768,"4:44:36",492,"Finisher",NA,01:26:21
"147",335,"Christina Dorrer","United States","Female","F45-49",29,"13:16:22",700,01:05:39,246,"6:13:02",493,"5:43:19",1140,"Finisher",NA,01:05:39
"148",1002,"Sarah Sweetman","United States","Female","F30-34",22,"13:18:07",705,01:17:47,929,"6:49:44",979,"4:56:10",600,"Finisher",NA,01:17:47
"149",770,"Julia Lehnbeuter","United States","Female","F35-39",24,"13:19:23",713,01:26:16,1482,"6:27:09",666,"5:11:14",785,"Finisher",NA,01:26:16
"150",728,"Emy-Lou Wilson","Canada","Female","F40-44",26,"13:19:40",714,01:30:43,1695,"6:54:17",1044,"4:35:46",398,"Finisher",NA,01:30:43
"151",757,"Elizabeth Bianchi","United States","Female","F55-59",6,"13:19:52",715,01:23:09,1295,"6:41:16",854,"5:02:08",679,"Finisher",NA,01:23:09
"152",243,"Annie Peters","United States","Female","F45-49",30,"13:20:19",719,01:13:25,656,"6:39:51",842,"5:14:26",811,"Finisher",NA,01:13:25
"153",107,"Jill Loveland","United States","Female","F35-39",25,"13:20:26",720,01:12:36,603,"6:19:34",573,"5:32:19",1011,"Finisher",NA,01:12:36
"154",1598,"Kristin Mullally","United States","Female","F40-44",27,"13:20:43",723,01:21:15,1165,"6:24:11",633,"5:19:43",884,"Finisher",NA,01:21:15
"155",341,"Sharon Winiewicz","United States","Female","F55-59",7,"13:20:47",725,01:18:31,982,"6:39:26",830,"5:05:21",716,"Finisher",NA,01:18:31
"156",1476,"Alanna Brown","United States","Female","F40-44",28,"13:20:53",728,01:26:43,1514,"6:37:32",794,"4:50:26",542,"Finisher",NA,01:26:43
"157",2106,"Olivia Lumia","United States","Female","F30-34",23,"13:20:53",727,01:29:27,1652,"6:55:34",1065,"4:32:12",366,"Finisher",NA,01:29:27
"158",2148,"Jessica Testerman","United States","Female","F45-49",31,"13:21:10",731,01:12:34,598,"6:47:32",951,"4:58:28",635,"Finisher",NA,01:12:34
"159",864,"Mairee Mcmanus","United States","Female","F40-44",29,"13:21:30",735,01:06:54,294,"6:38:26",804,"5:13:54",805,"Finisher",NA,01:06:54
"160",2303,"Joan Mckay","United States","Female","F40-44",30,"13:21:44",736,01:22:52,1278,"6:43:18",878,"5:03:42",699,"Finisher",NA,01:22:52
"161",984,"Mary Latza","United States","Female","F40-44",31,"13:22:39",738,01:12:18,585,"7:02:05",1153,"4:44:48",493,"Finisher",NA,01:12:18
"162",237,"dana hartman","United States","Female","F50-54",8,"13:22:42",739,01:17:49,930,"6:25:05",642,"5:20:16",892,"Finisher",NA,01:17:49
"163",1228,"Christian Soellner","Germany","Female","M50-54",70,"13:23:04",743,01:23:47,1344,"6:17:50",549,"5:22:05",916,"Finisher",NA,01:23:47
"164",373,"Jennifer Hubbartt","United States","Female","F45-49",32,"13:24:08",749,01:23:27,1322,"6:44:42",913,"4:56:17",604,"Finisher",NA,01:23:27
"165",2035,"Rachael Markoe","United States","Female","F25-29",17,"13:24:18",750,01:08:50,377,"6:37:26",791,"5:21:06",905,"Finisher",NA,01:08:50
"166",673,"Ginny Traber","United States","Female","F40-44",32,"13:25:19",755,01:33:41,1807,"7:09:19",1239,"4:32:38",372,"Finisher",NA,01:33:41
"167",1646,"Sydney Roe","United States","Female","F30-34",24,"13:25:42",757,01:08:37,370,"6:53:56",1038,"5:07:29",744,"Finisher",NA,01:08:37
"168",1109,"Marianne Camire","United States","Female","F35-39",26,"13:25:48",758,01:31:43,1734,"6:32:01",721,"5:03:36",696,"Finisher",NA,01:31:43
"169",1899,"Natasha Baziuk","Canada","Female","F25-29",18,"13:26:59",763,01:14:42,745,"7:17:43",1350,"4:32:04",364,"Finisher",NA,01:14:42
"170",598,"Ashley Murray","United States","Female","F35-39",27,"13:27:30",765,01:20:10,1098,"6:43:41",892,"5:08:43",756,"Finisher",NA,01:20:10
"171",1781,"Julie Scherer","United States","Female","F35-39",28,"13:27:46",769,01:18:34,990,"7:14:34",1303,"4:41:20",461,"Finisher",NA,01:18:34
"172",216,"Nancy Mcmahon","United States","Female","F55-59",8,"13:27:50",770,01:21:11,1160,"6:52:49",1013,"5:02:09",680,"Finisher",NA,01:21:11
"173",1555,"Catherine Seguin","United States","Female","F40-44",33,"13:29:27",775,01:28:00,1590,"6:32:36",724,"5:05:03",715,"Finisher",NA,01:28:00
"174",200,"Mikayla Faasse","United States","Female","F25-29",19,"13:29:36",777,01:04:42,209,"6:57:05",1098,"5:12:51",794,"Finisher",NA,01:04:42
"175",810,"Kimberly Allen","United States","Female","F30-34",25,"13:29:36",776,01:10:38,472,"6:41:05",852,"5:22:12",918,"Finisher",NA,01:10:38
"176",272,"Jill Lasseter","United States","Female","F40-44",34,"13:29:42",778,01:18:04,949,"6:32:50",726,"5:26:05",961,"Finisher",NA,01:18:04
"177",1965,"Dariya Golan","United States","Female","F35-39",29,"13:31:37",786,01:36:11,1875,"6:31:37",715,"5:02:01",677,"Finisher",NA,01:36:11
"178",222,"Zuzana Abelova","Czechia","Female","F30-34",26,"13:32:42",787,01:22:58,1286,"6:54:59",1055,"5:02:11",683,"Finisher",NA,01:22:58
"179",331,"Gin Fleming","United States","Female","F40-44",35,"13:34:06",794,01:05:39,244,"6:07:22",417,"6:06:46",1396,"Finisher",NA,01:05:39
"180",1815,"Flo Chretien","United States","Female","F45-49",33,"13:34:20",797,01:05:40,247,"6:57:06",1099,"5:17:45",861,"Finisher",NA,01:05:40
"181",1205,"Michelle Dekeyrel","United States","Female","F35-39",30,"13:35:49",802,01:31:24,1718,"6:49:31",978,"5:00:27",660,"Finisher",NA,01:31:24
"182",1602,"Stephanie Graddon","Canada","Female","F45-49",34,"13:36:07",803,01:24:28,1389,"6:53:37",1030,"4:59:34",651,"Finisher",NA,01:24:28
"183",1837,"Dominique Charron","Canada","Female","F35-39",31,"13:38:33",813,58:18:00,63,"7:12:54",1284,"5:05:51",724,"Finisher",NA,58:18:00
"184",214,"Jillian Carlson","United States","Female","F40-44",36,"13:38:49",815,01:19:33,1063,"6:15:26",521,"5:51:10",1225,"Finisher",NA,01:19:33
"185",918,"Rebecca Dobiesz","United States","Female","F30-34",27,"13:39:07",818,01:23:21,1310,"6:52:47",1012,"5:02:51",688,"Finisher",NA,01:23:21
"186",1319,"Bobbianna Neubert-Langille","United States","Female","F40-44",37,"13:40:19",821,01:23:10,1297,"6:38:30",807,"5:15:00",818,"Finisher",NA,01:23:10
"187",1869,"Sarah Jennings","United States","Female","F50-54",9,"13:40:51",826,01:30:12,1679,"6:34:18",751,"5:21:12",906,"Finisher",NA,01:30:12
"188",524,"Amber Hahn","United States","Female","F45-49",35,"13:41:11",831,01:26:15,1480,"7:05:13",1187,"4:49:49",531,"Finisher",NA,01:26:15
"189",962,"Madeline Schiavo","United States","Female","F30-34",28,"13:41:47",835,00:59:09,77,"6:36:17",777,"5:51:22",1227,"Finisher",NA,59:09:00
"190",322,"Susan Varga","United States","Female","F55-59",9,"13:41:54",836,01:15:18,788,"6:53:05",1021,"5:20:32",898,"Finisher",NA,01:15:18
"191",1834,"Erica Scalavino","United States","Female","F30-34",29,"13:42:46",839,01:10:18,452,"7:09:12",1237,"5:02:43",686,"Finisher",NA,01:10:18
"192",1099,"Erin Reep","United States","Female","F40-44",38,"13:43:18",840,01:23:36,1333,"7:03:46",1172,"4:56:20",605,"Finisher",NA,01:23:36
"193",509,"Clare Brofford","United States","Female","F50-54",10,"13:43:22",842,01:05:21,237,"6:43:17",877,"5:33:41",1024,"Finisher",NA,01:05:21
"194",2056,"Angela Mcgonigle","Canada","Female","F40-44",39,"13:44:39",849,01:31:10,1711,"6:42:32",870,"5:09:01",760,"Finisher",NA,01:31:10
"195",178,"Elizabeth Wood","United States","Female","F55-59",10,"13:45:27",852,01:14:54,758,"6:56:24",1083,"5:19:40",883,"Finisher",NA,01:14:54
"196",1593,"Veronica Bond","United States","Female","F50-54",11,"13:48:18",864,01:10:21,456,"6:39:46",840,"5:43:28",1142,"Finisher",NA,01:10:21
"197",845,"Constance Geoghan","United States","Female","F50-54",12,"13:48:47",865,01:28:53,1626,"6:20:21",582,"5:40:37",1106,"Finisher",NA,01:28:53
"198",2269,"Natalie Norton","United States","Female","F25-29",20,"13:49:44",871,01:22:05,1221,"7:06:03",1198,"5:04:18",709,"Finisher",NA,01:22:05
"199",1820,"Lacey Schmidt","United States","Female","F35-39",32,"13:50:42",876,01:34:37,1831,"7:06:59",1209,"4:51:51",555,"Finisher",NA,01:34:37
"200",2193,"Meredith Willson","United States","Female","F25-29",21,"13:51:17",882,01:21:48,1205,"6:19:58",578,"5:50:05",1212,"Finisher",NA,01:21:48
"201",1669,"Laura Stanley","United States","Female","F55-59",11,"13:51:35",885,01:19:53,1083,"7:12:31",1281,"4:57:18",618,"Finisher",NA,01:19:53
"202",1626,"Carrie Parker","United States","Female","F50-54",13,"13:51:47",888,01:13:44,674,"6:41:25",860,"5:37:50",1071,"Finisher",NA,01:13:44
"203",244,"Suzanne Stites","United States","Female","F55-59",12,"13:52:13",891,01:24:21,1381,"6:56:51",1092,"5:09:57",771,"Finisher",NA,01:24:21
"204",1912,"Juliana Shah","United States","Female","F45-49",36,"13:52:14",892,01:38:12,1923,"6:56:10",1077,"4:57:10",615,"Finisher",NA,01:38:12
"205",1432,"Natalia Barrionuevo Crawford","United States","Female","F45-49",37,"13:52:26",896,01:37:41,1909,"7:34:54",1552,"4:08:44",185,"Finisher",NA,01:37:41
"206",2160,"Diana Rivera","Colombia","Female","F25-29",22,"13:52:52",898,01:22:31,1249,"7:11:34",1270,"5:03:54",702,"Finisher",NA,01:22:31
"207",166,"Laura Pigion","United States","Female","F40-44",40,"13:53:04",900,01:13:53,687,"7:44:55",1634,"4:37:18",412,"Finisher",NA,01:13:53
"208",1288,"Staci Blanket","United States","Female","F55-59",13,"13:54:06",906,01:31:08,1710,"6:55:31",1064,"5:07:48",749,"Finisher",NA,01:31:08
"209",1012,"Claudia Smith","Mexico","Female","F55-59",14,"13:54:48",909,01:35:48,1860,"7:04:44",1181,"4:58:15",630,"Finisher",NA,01:35:48
"210",948,"Mary Guertin","United States","Female","F55-59",15,"13:54:57",910,01:39:56,1963,"6:09:46",455,"5:47:42",1186,"Finisher",NA,01:39:56
"211",889,"Sabine Hochwimmer","Austria","Female","F50-54",14,"13:56:34",915,01:20:33,1123,"6:40:37",848,"5:40:34",1105,"Finisher",NA,01:20:33
"212",305,"Jacqui Moskowitz","United States","Female","F50-54",15,"13:56:50",919,01:21:10,1159,"7:03:51",1176,"5:15:49",834,"Finisher",NA,01:21:10
"213",1808,"Hanna Berghout","United States","Female","F25-29",23,"13:56:55",922,01:14:51,754,"7:00:28",1130,"5:25:37",954,"Finisher",NA,01:14:51
"214",1233,"Kayla Jones","Canada","Female","F25-29",24,"13:58:13",923,01:18:58,1028,"7:13:16",1288,"5:05:49",723,"Finisher",NA,01:18:58
"215",939,"Caroline Guay","Canada","Female","F50-54",16,"13:58:47",925,01:17:11,894,"7:28:26",1483,"4:57:25",620,"Finisher",NA,01:17:11
"216",2247,"Derricca Krutsinger","United States","Female","F40-44",41,"14:00:22",931,01:25:14,1427,"7:17:00",1342,"4:55:41",595,"Finisher",NA,01:25:14
"217",298,"Sayer Gunn","United States","Female","F45-49",38,"14:00:32",932,01:23:52,1349,"6:39:41",837,"5:35:37",1045,"Finisher",NA,01:23:52
"218",756,"Jennifer Ketchell","United States","Female","F40-44",42,"14:00:58",933,01:27:43,1577,"7:01:10",1136,"5:15:24",829,"Finisher",NA,01:27:43
"219",1024,"Elyse Crochetiere","Canada","Female","F40-44",43,"14:01:32",938,01:03:37,172,"6:54:29",1049,"5:43:09",1139,"Finisher",NA,01:03:37
"220",992,"Kelly Hilman","United States","Female","F30-34",30,"14:02:20",942,00:56:22,35,"6:41:10",853,"6:10:18",1444,"Finisher",NA,56:22:00
"221",2218,"Kimberly Shyu","United States","Female","F35-39",33,"14:04:38",956,01:24:59,1411,"6:55:27",1063,"5:21:25",911,"Finisher",NA,01:24:59
"222",391,"Ingrid Yerger","United States","Female","F55-59",16,"14:05:29",960,01:21:23,1179,"7:15:17",1312,"5:05:54",725,"Finisher",NA,01:21:23
"223",513,"Meredith Kursmark","United States","Female","F40-44",44,"14:06:32",968,01:18:24,973,"7:20:16",1380,"5:15:03",820,"Finisher",NA,01:18:24
"224",2359,"Stacy Danczak","United States","Female","F30-34",31,"14:06:33",970,01:12:10,575,"7:32:24",1515,"4:52:54",565,"Finisher",NA,01:12:10
"225",328,"Diane Peterson","United States","Female","F50-54",17,"14:06:47",972,01:19:23,1057,"6:43:21",880,"5:49:45",1208,"Finisher",NA,01:19:23
"226",800,"Katie Diehl","United States","Female","F45-49",39,"14:07:25",975,01:16:24,838,"6:55:00",1056,"5:35:09",1035,"Finisher",NA,01:16:24
"227",852,"Nina Reid","Canada","Female","F50-54",18,"14:09:18",982,01:23:34,1329,"7:30:06",1497,"4:57:37",621,"Finisher",NA,01:23:34
"228",1285,"Andrea Adams","United States","Female","F50-54",19,"14:10:01",986,01:22:32,1252,"7:13:09",1285,"5:17:55",862,"Finisher",NA,01:22:32
"229",1539,"Mary Wakeham","United States","Female","F60-64",4,"14:10:42",989,01:19:10,1047,"6:39:03",818,"5:57:47",1304,"Finisher",NA,01:19:10
"230",557,"Jody Faught","Canada","Female","F45-49",40,"14:11:03",990,01:21:28,1185,"7:10:39",1254,"5:23:56",940,"Finisher",NA,01:21:28
"231",1981,"Keri Piatek-Crafts","United States","Female","F45-49",41,"14:11:18",991,01:36:51,1889,"7:13:21",1291,"5:03:39",698,"Finisher",NA,01:36:51
"232",654,"Heather Knutson","United States","Female","F35-39",34,"14:11:58",993,01:21:59,1213,"6:38:27",805,"5:53:45",1250,"Finisher",NA,01:21:59
"233",1062,"Amanda Carver","United States","Female","F40-44",45,"14:12:08",994,01:27:47,1579,"6:55:38",1069,"5:27:57",975,"Finisher",NA,01:27:47
"234",705,"Amy Oliphant","United States","Female","F50-54",20,"14:13:19",1004,01:17:37,922,"6:56:06",1075,"5:37:50",1069,"Finisher",NA,01:17:37
"235",324,"Liz Jackson","United States","Female","F50-54",21,"14:13:28",1006,01:20:22,1111,"6:33:34",737,"6:10:34",1448,"Finisher",NA,01:20:22
"236",323,"Susan Laney","United States","Female","F40-44",46,"14:13:38",1007,01:17:50,931,"6:47:31",950,"5:55:17",1269,"Finisher",NA,01:17:50
"237",1370,"Michelle Marchigiani","United States","Female","F40-44",47,"14:14:29",1012,01:17:59,940,"6:58:26",1105,"5:31:42",1006,"Finisher",NA,01:17:59
"238",1486,"Mary White","United States","Female","F55-59",17,"14:14:30",1013,01:20:25,1117,"7:11:40",1273,"5:20:16",893,"Finisher",NA,01:20:25
"239",1208,"Nicole Krumrei","United States","Female","F45-49",42,"14:15:25",1016,01:24:59,1410,"6:46:08",932,"5:48:24",1192,"Finisher",NA,01:24:59
"240",2293,"Tiffany Gallagher","United States","Female","F40-44",48,"14:15:27",1017,01:26:55,1523,"6:41:25",858,"5:49:31",1203,"Finisher",NA,01:26:55
"241",339,"Megan Mickelson","United States","Female","F40-44",49,"14:15:35",1019,01:32:22,1765,"6:39:12",825,"5:49:52",1209,"Finisher",NA,01:32:22
"242",1480,"Maria Paredes","United States","Female","F35-39",35,"14:15:45",1022,01:26:15,1479,"8:07:19",1803,"4:26:24",315,"Finisher",NA,01:26:15
"243",1355,"Megan Lavoie","United States","Female","F45-49",43,"14:15:48",1023,01:29:03,1637,"7:24:45",1445,"5:04:47",713,"Finisher",NA,01:29:03
"244",1577,"Megan Piwowar","United States","Female","F35-39",36,"14:15:50",1024,01:09:52,433,"7:26:45",1465,"5:27:42",973,"Finisher",NA,01:09:52
"245",955,"Holly Daly","United States","Female","F35-39",37,"14:17:35",1033,01:20:55,1144,"7:10:03",1247,"5:21:34",913,"Finisher",NA,01:20:55
"246",446,"Erin Sheehan","United States","Female","F35-39",38,"14:17:44",1034,01:16:53,872,"7:06:42",1205,"5:37:52",1073,"Finisher",NA,01:16:53
"247",2285,"Stefanie Gauguet","United States","Female","F45-49",44,"14:18:56",1040,01:24:53,1405,"7:13:44",1296,"5:18:14",868,"Finisher",NA,01:24:53
"248",1320,"Marisa Rowlson","United States","Female","F45-49",45,"14:18:58",1041,01:16:15,833,"6:35:34",769,"6:04:51",1374,"Finisher",NA,01:16:15
"249",1637,"Paola Martinez","Canada","Female","F40-44",50,"14:20:20",1046,01:23:32,1327,"7:00:38",1131,"5:31:19",1001,"Finisher",NA,01:23:32
"250",881,"Nicole Barrieau","Canada","Female","F50-54",22,"14:21:23",1060,01:24:07,1367,"7:01:00",1135,"5:36:39",1056,"Finisher",NA,01:24:07
"251",1293,"Alexandria Thompson","United States","Female","F35-39",39,"14:22:54",1069,01:10:46,482,"7:43:27",1622,"5:14:53",814,"Finisher",NA,01:10:46
"252",1947,"Erin Watkins","United States","Female","F40-44",51,"14:23:00",1071,01:31:57,1745,"7:37:49",1585,"4:49:22",525,"Finisher",NA,01:31:57
"253",506,"Erika Kuhnle","United States","Female","F45-49",46,"14:23:48",1073,01:28:22,1600,"7:18:18",1356,"5:01:46",674,"Finisher",NA,01:28:22
"254",291,"Heather Powers","United States","Female","F35-39",40,"14:24:04",1076,01:26:09,1468,"7:31:19",1506,"5:12:13",792,"Finisher",NA,01:26:09
"255",1015,"Mary Pope","Canada","Female","F45-49",47,"14:24:43",1080,01:36:05,1870,"6:59:18",1117,"5:30:06",992,"Finisher",NA,01:36:05
"256",872,"Ashley Konwerski","United States","Female","F30-34",32,"14:24:57",1082,01:12:13,580,"7:11:15",1266,"5:40:11",1099,"Finisher",NA,01:12:13
"257",221,"Rhae Eisenman","United States","Female","F25-29",25,"14:25:26",1083,01:31:46,1736,"7:10:51",1257,"5:29:00",980,"Finisher",NA,01:31:46
"258",1619,"Dina Stclaire","United States","Female","F50-54",23,"14:25:44",1085,01:30:07,1678,"7:37:12",1577,"4:49:36",529,"Finisher",NA,01:30:07
"259",1359,"Kristen Kelly","United States","Female","F40-44",52,"14:25:58",1091,01:14:31,736,"7:44:53",1633,"5:02:17",684,"Finisher",NA,01:14:31
"260",583,"Colleen Sands","United States","Female","F30-34",33,"14:26:22",1094,01:28:34,1609,"6:59:04",1112,"5:32:46",1016,"Finisher",NA,01:28:34
"261",534,"Kimberly Tracey","United States","Female","F30-34",34,"14:26:33",1096,01:00:03,92,"7:11:18",1267,"6:00:57",1341,"Finisher",NA,01:00:03
"262",1465,"Christina Blakeslee","United States","Female","F40-44",53,"14:27:39",1104,01:21:18,1172,"7:18:06",1354,"5:25:31",952,"Finisher",NA,01:21:18
"263",1546,"Vikki Hon","United States","Female","F30-34",35,"14:27:40",1105,01:40:50,1981,"7:20:07",1379,"5:09:43",766,"Finisher",NA,01:40:50
"264",609,"Colette Vogell","United States","Female","F50-54",24,"14:28:10",1109,01:22:11,1228,"6:27:32",671,"6:24:41",1574,"Finisher",NA,01:22:11
"265",1818,"Kristin Schmidt","United States","Female","F30-34",36,"14:28:32",1111,01:25:55,1457,"7:17:47",1351,"5:20:11",889,"Finisher",NA,01:25:55
"266",1078,"Stephanie Lefkowitz","United States","Female","F30-34",37,"14:29:13",1115,01:06:33,283,"7:11:36",1272,"5:57:07",1289,"Finisher",NA,01:06:33
"267",1494,"Rachel Sattler","United States","Female","F50-54",25,"14:30:45",1120,01:34:14,1819,"6:58:26",1106,"5:37:55",1074,"Finisher",NA,01:34:14
"268",494,"Lisa Barefoot","United States","Female","F55-59",18,"14:31:19",1123,01:31:52,1740,"7:18:04",1352,"5:23:58",941,"Finisher",NA,01:31:52
"269",493,"Nancy Sutton","United States","Female","F55-59",19,"14:31:32",1124,01:26:56,1525,"7:21:01",1389,"5:24:15",944,"Finisher",NA,01:26:56
"270",1004,"Heidi Hogan","United States","Female","F45-49",48,"14:31:37",1126,01:08:57,383,"7:20:59",1388,"5:40:09",1098,"Finisher",NA,01:08:57
"271",624,"Elizabeth Sweet","United States","Female","F40-44",54,"14:32:33",1135,01:28:34,1610,"7:04:53",1182,"5:42:45",1137,"Finisher",NA,01:28:34
"272",1613,"Joyce Parsons","United States","Female","F50-54",26,"14:33:53",1141,01:25:52,1456,"7:29:33",1491,"5:07:17",741,"Finisher",NA,01:25:52
"273",748,"Braelin Thornton","United States","Female","F35-39",41,"14:34:09",1143,01:30:13,1680,"6:38:24",803,"5:59:23",1319,"Finisher",NA,01:30:13
"274",2277,"Brittany Oneill","United States","Female","F35-39",42,"14:34:26",1144,01:12:42,616,"7:05:51",1197,"5:54:35",1258,"Finisher",NA,01:12:42
"275",399,"Anastasia Mckay","United States","Female","F40-44",55,"14:34:52",1149,01:40:29,1976,"7:03:15",1164,"5:24:06",942,"Finisher",NA,01:40:29
"276",1724,"Amy Knibb","Canada","Female","F45-49",49,"14:35:03",1150,01:05:58,261,"6:57:18",1100,"6:15:29",1501,"Finisher",NA,01:05:58
"277",1160,"Kim O'Callaghan","United States","Female","F55-59",20,"14:35:08",1152,01:25:18,1429,"6:44:00",902,"6:02:55",1353,"Finisher",NA,01:25:18
"278",235,"Shireen Knowles","United States","Female","F40-44",56,"14:35:17",1153,01:21:26,1183,"6:44:07",904,"6:12:57",1476,"Finisher",NA,01:21:26
"279",257,"Jude Hagger","United Kingdom","Female","F45-49",50,"14:35:21",1155,01:03:44,175,"6:48:20",963,"6:19:35",1534,"Finisher",NA,01:03:44
"280",1301,"Chantale Garneau","Canada","Female","F50-54",27,"14:35:33",1159,01:38:02,1918,"7:31:12",1505,"5:08:48",758,"Finisher",NA,01:38:02
"281",883,"Liza Peereboom","United States","Female","F40-44",57,"14:36:15",1163,01:29:21,1647,"7:21:03",1390,"5:27:38",972,"Finisher",NA,01:29:21
"282",1331,"Kelle Motsko","United States","Female","F50-54",28,"14:36:31",1164,01:21:56,1212,"7:12:22",1278,"5:37:58",1075,"Finisher",NA,01:21:56
"283",207,"Hilary Mauch","United States","Female","F40-44",58,"14:37:16",1169,01:27:05,1537,"7:42:22",1618,"5:15:18",827,"Finisher",NA,01:27:05
"284",1108,"Kelley Thibodeau","United States","Female","F45-49",51,"14:38:34",1173,01:21:44,1202,"6:48:13",960,"6:09:24",1432,"Finisher",NA,01:21:44
"285",1950,"Hannah Rhodes","United States","Female","F40-44",59,"14:38:52",1178,01:16:52,871,"7:39:39",1603,"5:26:12",963,"Finisher",NA,01:16:52
"286",241,"Cheri Mcinnes","United States","Female","F50-54",29,"14:39:21",1182,01:18:31,984,"6:46:47",942,"6:12:26",1469,"Finisher",NA,01:18:31
"287",1104,"Nikki Sabol-Perschy","United States","Female","F40-44",60,"14:39:45",1184,01:21:32,1188,"7:10:56",1261,"5:57:56",1306,"Finisher",NA,01:21:32
"288",1652,"Abigail Anderson","United States","Female","F45-49",52,"14:41:09",1188,01:21:40,1200,"7:33:21",1531,"5:25:43",956,"Finisher",NA,01:21:40
"289",1243,"Gina Lafrazza","United States","Female","F45-49",53,"14:41:32",1189,01:25:12,1425,"6:51:08",992,"6:07:18",1403,"Finisher",NA,01:25:12
"290",1794,"Luce Aita","Canada","Female","F50-54",30,"14:41:53",1192,01:23:04,1289,"7:15:40",1321,"5:38:38",1083,"Finisher",NA,01:23:04
"291",485,"Michelle Watson","United States","Female","F50-54",31,"14:41:56",1194,01:26:03,1463,"6:56:20",1081,"5:59:03",1315,"Finisher",NA,01:26:03
"292",2101,"Liz O'shea","United States","Female","F45-49",54,"14:42:07",1196,01:30:20,1684,"8:12:18",1832,"4:33:48",380,"Finisher",NA,01:30:20
"293",1649,"Shari Rummel","United States","Female","F55-59",21,"14:42:08",1197,01:24:35,1393,"7:08:47",1229,"5:48:53",1198,"Finisher",NA,01:24:35
"294",1149,"Karen Bennett","United States","Female","F60-64",5,"14:43:33",1204,01:34:18,1821,"7:26:36",1460,"5:19:44",885,"Finisher",NA,01:34:18
"295",138,"Jill Kralovanec","United States","Female","F55-59",22,"14:43:34",1205,01:13:51,682,"6:43:46",895,"6:32:46",1647,"Finisher",NA,01:13:51
"296",385,"Anette Ekelius-Chow","United States","Female","F55-59",23,"14:43:56",1208,01:22:31,1251,"6:32:37",725,"6:30:48",1627,"Finisher",NA,01:22:31
"297",711,"Bridget Schultz","United States","Female","F30-34",38,"14:45:08",1210,00:59:47,88,"6:43:07",876,"6:47:11",1738,"Finisher",NA,59:47:00
"298",1183,"Cecilia williams","United States","Female","F50-54",32,"14:45:53",1214,01:42:27,2015,"7:23:16",1421,"5:19:20",880,"Finisher",NA,01:42:27
"299",1448,"Cathryn Sullivan","United States","Female","F40-44",61,"14:46:01",1215,01:30:31,1687,"7:09:57",1245,"5:43:46",1147,"Finisher",NA,01:30:31
"300",2019,"Patricia Pilachowski","United States","Female","F55-59",24,"14:46:58",1225,01:13:53,686,"7:21:29",1394,"5:53:28",1246,"Finisher",NA,01:13:53
"301",1572,"Danielle Freebern","United States","Female","F40-44",62,"14:47:17",1226,01:27:08,1540,"7:46:18",1646,"5:15:17",826,"Finisher",NA,01:27:08
"302",901,"Katherine Widmark","United States","Female","F45-49",55,"14:47:54",1229,01:17:36,919,"7:02:33",1156,"6:07:20",1404,"Finisher",NA,01:17:36
"303",1128,"Tania Silva","United States","Female","F45-49",56,"14:48:06",1230,01:12:44,619,"7:30:31",1500,"5:43:58",1149,"Finisher",NA,01:12:44
"304",1441,"Kimberly Pzegeo","United States","Female","F30-34",39,"14:48:50",1235,01:16:25,841,"7:17:15",1345,"5:43:31",1143,"Finisher",NA,01:16:25
"305",656,"Maureen Kennedy","United States","Female","F55-59",25,"14:49:10",1237,01:40:53,1982,"7:00:56",1132,"5:46:41",1173,"Finisher",NA,01:40:53
"306",1430,"Blanca Farmer","United States","Female","F40-44",63,"14:49:43",1242,01:38:59,1946,"7:49:08",1668,"4:58:49",640,"Finisher",NA,01:38:59
"307",1504,"Melissa Glynn","United States","Female","F45-49",57,"14:50:24",1245,01:29:09,1640,"7:35:27",1557,"5:23:44",936,"Finisher",NA,01:29:09
"308",1371,"Alison Ferlauto","United States","Female","F45-49",58,"14:50:41",1246,01:31:45,1735,"7:47:41",1658,"5:08:48",757,"Finisher",NA,01:31:45
"309",1828,"Melisa Wadsworth","United States","Female","F35-39",43,"14:50:51",1248,01:35:48,1859,"7:39:47",1604,"5:22:37",922,"Finisher",NA,01:35:48
"310",212,"Stephanie Black","United States","Female","F50-54",33,"14:52:22",1252,01:30:45,1698,"7:01:11",1138,"5:54:05",1254,"Finisher",NA,01:30:45
"311",240,"Kim Kroeger-Weeks","United States","Female","F50-54",34,"14:52:26",1253,01:23:53,1350,"7:29:53",1495,"5:35:58",1048,"Finisher",NA,01:23:53
"312",211,"Bethany Gonzalez","United States","Female","F55-59",26,"14:52:42",1256,01:38:49,1943,"6:56:09",1076,"5:54:03",1253,"Finisher",NA,01:38:49
"313",530,"Nicole Rossmann","United States","Female","F50-54",35,"14:55:05",1264,01:27:43,1576,"7:24:05",1432,"5:44:08",1151,"Finisher",NA,01:27:43
"314",1662,"Micaela Iantorno","United States","Female","F45-49",59,"14:55:29",1266,01:46:08,2063,"7:34:35",1543,"5:20:18",894,"Finisher",NA,01:46:08
"315",1933,"Patricia Steen","United States","Female","F50-54",36,"14:57:01",1274,01:30:40,1690,"7:09:05",1233,"5:56:59",1287,"Finisher",NA,01:30:40
"316",1426,"Cynthia Rogers","United States","Female","F40-44",64,"14:57:13",1276,01:14:51,752,"7:35:33",1559,"5:39:02",1086,"Finisher",NA,01:14:51
"317",1732,"Natalie Parent","Canada","Female","F40-44",65,"14:59:16",1281,01:24:04,1362,"7:34:33",1542,"5:38:14",1078,"Finisher",NA,01:24:04
"318",968,"Dre Muschett","United States","Female","F40-44",66,"15:00:44",1285,01:52:30,2106,"7:18:39",1363,"5:23:14",929,"Finisher",NA,01:52:30
"319",330,"Melanie Ziarko","United States","Female","F40-44",67,"15:02:06",1288,01:18:25,976,"7:14:56",1306,"6:13:20",1478,"Finisher",NA,01:18:25
"320",679,"Ann Ferguson","United States","Female","F55-59",27,"15:02:23",1289,01:05:55,257,"7:25:03",1448,"6:06:48",1397,"Finisher",NA,01:05:55
"321",1641,"Catherine Stillman","United States","Female","F45-49",60,"15:02:53",1293,01:27:30,1559,"7:44:20",1628,"5:23:42",935,"Finisher",NA,01:27:30
"322",1075,"Christine Valente","United States","Female","F30-34",40,"15:02:55",1294,01:25:00,1412,"7:33:16",1529,"5:42:26",1132,"Finisher",NA,01:25:00
"323",1395,"Maryam Norouzi","United States","Female","F55-59",28,"15:04:06",1297,01:16:23,837,"6:56:39",1087,"6:31:09",1628,"Finisher",NA,01:16:23
"324",444,"Val├⌐rie Michalk","United States","Female","F40-44",68,"15:04:14",1299,01:19:57,1087,"7:34:38",1545,"5:55:01",1264,"Finisher",NA,01:19:57
"325",663,"Kim Glow","United States","Female","F35-39",44,"15:05:25",1305,01:20:25,1118,"8:13:09",1835,"5:16:15",839,"Finisher",NA,01:20:25
"326",1286,"Jodi Cameron","United States","Female","F45-49",61,"15:05:27",1306,01:09:43,423,"7:40:22",1608,"5:43:52",1148,"Finisher",NA,01:09:43
"327",1726,"Kara Rosenthal","United States","Female","F25-29",26,"15:06:34",1309,01:04:17,194,"7:26:39",1464,"6:14:48",1494,"Finisher",NA,01:04:17
"328",1502,"Lisa Pizzuto","United States","Female","F50-54",37,"15:06:52",1310,01:04:30,203,"7:22:49",1414,"6:22:48",1561,"Finisher",NA,01:04:30
"329",1884,"Christina Kenon","United States","Female","F45-49",62,"15:07:29",1313,01:38:18,1927,"7:26:54",1468,"5:47:18",1179,"Finisher",NA,01:38:18
"330",492,"Dana Clarke","United States","Female","F40-44",69,"15:07:30",1314,01:14:56,761,"7:37:23",1579,"5:36:09",1051,"Finisher",NA,01:14:56
"331",232,"Kristin Evans","United States","Female","F40-44",70,"15:09:17",1320,01:24:27,1388,"7:19:06",1368,"6:09:30",1433,"Finisher",NA,01:24:27
"332",1871,"Suzanne Anziano","United States","Female","F50-54",38,"15:09:22",1321,01:03:31,166,"7:45:31",1638,"6:00:21",1331,"Finisher",NA,01:03:31
"333",1799,"Natalie Sheen","United States","Female","F18-24",2,"15:09:30",1323,01:18:24,974,"6:54:26",1047,"6:38:56",1690,"Finisher",NA,01:18:24
"334",986,"Lorraine Mohan","United States","Female","F45-49",63,"15:10:00",1327,01:19:35,1067,"7:18:18",1355,"6:15:50",1505,"Finisher",NA,01:19:35
"335",1374,"Samantha Curtis","United States","Female","F25-29",27,"15:11:03",1333,01:30:50,1700,"7:56:16",1718,"5:24:08",943,"Finisher",NA,01:30:50
"336",754,"Alicia Duckitt","United States","Female","F40-44",71,"15:11:13",1335,01:29:34,1657,"7:16:54",1338,"5:57:21",1295,"Finisher",NA,01:29:34
"337",1540,"Dora Tavel-Sanchez Luz","United States","Female","F45-49",64,"15:11:33",1338,01:35:58,1865,"7:52:48",1693,"5:18:01",864,"Finisher",NA,01:35:58
"338",1360,"Laurie Flaherty","United States","Female","F40-44",72,"15:11:55",1342,01:22:05,1220,"7:33:47",1535,"5:55:53",1274,"Finisher",NA,01:22:05
"339",1361,"Kristina Balogh","United States","Female","F30-34",41,"15:12:04",1344,01:39:51,1961,"7:45:07",1636,"5:21:24",910,"Finisher",NA,01:39:51
"340",904,"Ivy Huang","United States","Female","F40-44",73,"15:12:46",1346,01:11:00,495,"7:05:27",1192,"6:30:37",1626,"Finisher",NA,01:11:00
"341",1931,"Emily Boehmer","Canada","Female","F25-29",28,"15:13:06",1349,01:09:03,390,"7:37:36",1582,"6:11:53",1460,"Finisher",NA,01:09:03
"342",897,"Kim Schryburt-Brown","Canada","Female","F45-49",65,"15:13:17",1351,01:22:50,1272,"7:15:17",1311,"6:11:31",1457,"Finisher",NA,01:22:50
"343",554,"Wendy Perry","Canada","Female","F40-44",74,"15:13:25",1352,01:19:10,1048,"7:59:08",1747,"5:27:17",969,"Finisher",NA,01:19:10
"344",2276,"Deborah Mcintyre","United States","Female","F55-59",29,"15:13:59",1354,01:38:38,1937,"7:23:29",1427,"5:41:50",1125,"Finisher",NA,01:38:38
"345",2051,"Elana Macdougall","Canada","Female","F50-54",39,"15:15:45",1356,01:20:05,1093,"7:22:22",1406,"6:01:36",1343,"Finisher",NA,01:20:05
"346",621,"Heidi Watson","United States","Female","F50-54",40,"15:16:03",1358,01:11:51,549,"7:16:28",1333,"6:27:01",1596,"Finisher",NA,01:11:51
"347",636,"Antonella Petrangeli","Italy","Female","F55-59",30,"15:16:04",1359,01:34:22,1825,"7:29:14",1489,"5:56:22",1279,"Finisher",NA,01:34:22
"348",1617,"Tammy Powell","United States","Female","F55-59",31,"15:16:28",1360,01:15:39,810,"7:11:22",1269,"6:33:41",1657,"Finisher",NA,01:15:39
"349",514,"Marianne Baker","United States","Female","F55-59",32,"15:16:34",1361,01:40:55,1984,"7:22:57",1419,"5:49:55",1211,"Finisher",NA,01:40:55
"350",1234,"Chelsea Jones","Canada","Female","F30-34",42,"15:18:23",1369,01:41:54,1999,"7:56:55",1722,"5:15:47",832,"Finisher",NA,01:41:54
"351",1800,"Karem Pantin","Mexico","Female","F50-54",41,"15:18:39",1372,01:26:56,1524,"8:18:59",1869,"5:13:20",801,"Finisher",NA,01:26:56
"352",250,"Crystal Pomeroy","United States","Female","F60-64",6,"15:19:10",1377,01:31:33,1724,"7:28:33",1484,"5:59:10",1317,"Finisher",NA,01:31:33
"353",1634,"Ruth Carter","United States","Female","F40-44",75,"15:21:42",1388,01:17:17,903,"7:56:53",1721,"5:39:16",1089,"Finisher",NA,01:17:17
"354",1172,"Becky Shrader","United States","Female","F40-44",76,"15:21:47",1389,01:37:12,1904,"7:39:28",1602,"5:17:20",854,"Finisher",NA,01:37:12
"355",1248,"Lisa Hetherington","Canada","Female","F50-54",42,"15:23:57",1398,01:31:36,1727,"7:59:58",1758,"5:35:25",1037,"Finisher",NA,01:31:36
"356",1823,"Sarah Whelan","United States","Female","F30-34",43,"15:24:29",1399,01:16:09,831,"7:55:31",1710,"5:46:21",1170,"Finisher",NA,01:16:09
"357",256,"Wendie Bishop","United States","Female","F50-54",43,"15:27:24",1411,01:27:23,1555,"7:30:34",1501,"6:08:47",1426,"Finisher",NA,01:27:23
"358",633,"Dawn Edens","United States","Female","F50-54",44,"15:29:44",1420,01:22:29,1245,"7:47:12",1653,"5:56:38",1282,"Finisher",NA,01:22:29
"359",1780,"Teresa Creedon","United States","Female","F55-59",33,"15:30:26",1426,01:23:42,1341,"7:33:18",1530,"6:08:46",1424,"Finisher",NA,01:23:42
"360",1517,"Karen Scarduffa","United States","Female","F50-54",45,"15:31:53",1429,01:26:51,1519,"7:45:53",1643,"5:53:53",1251,"Finisher",NA,01:26:51
"361",2127,"Veronica Hytner","United States","Female","F30-34",44,"15:34:08",1439,01:32:51,1780,"7:22:30",1409,"6:24:22",1572,"Finisher",NA,01:32:51
"362",358,"Kathleen Peck","United States","Female","F70-74",1,"15:34:13",1441,01:26:39,1511,"7:09:24",1240,"6:35:23",1670,"Finisher",NA,01:26:39
"363",1131,"Sonya Misiaszek-Monterose","United States","Female","F50-54",46,"15:34:29",1442,01:17:55,935,"7:09:43",1244,"6:51:26",1757,"Finisher",NA,01:17:55
"364",1121,"Jacquelyn Bentley","United States","Female","F50-54",47,"15:36:00",1446,01:26:58,1529,"7:34:42",1546,"6:17:06",1513,"Finisher",NA,01:26:58
"365",2234,"Gabrielle Schipprack","United States","Female","F60-64",7,"15:36:32",1450,01:23:56,1356,"6:59:33",1122,"6:51:33",1758,"Finisher",NA,01:23:56
"366",2326,"Kelsey Whalen","United States","Female","F30-34",45,"15:36:58",1451,01:30:15,1682,"8:01:32",1774,"5:35:57",1047,"Finisher",NA,01:30:15
"367",1915,"Colleen Farrell","United States","Female","F50-54",48,"15:37:50",1455,01:45:10,2053,"7:38:48",1594,"5:58:19",1309,"Finisher",NA,01:45:10
"368",1571,"Laura Lagomasino","United States","Female","F50-54",49,"15:38:28",1458,01:47:47,2075,"7:43:06",1620,"5:40:37",1107,"Finisher",NA,01:47:47
"369",290,"Ellen Sfecla","United States","Female","F50-54",50,"15:38:45",1460,01:24:55,1407,"6:49:13",973,"6:54:11",1768,"Finisher",NA,01:24:55
"370",830,"Tina Devlin","United States","Female","F45-49",66,"15:38:56",1462,01:39:07,1949,"7:53:06",1696,"5:36:22",1052,"Finisher",NA,01:39:07
"371",1941,"Dianne Chittock","Canada","Female","F35-39",45,"15:39:02",1465,01:12:22,590,"7:43:20",1621,"6:15:27",1500,"Finisher",NA,01:12:22
"372",1910,"Nicole Emerson","United States","Female","F30-34",46,"15:41:47",1481,01:28:26,1603,"7:31:42",1509,"6:18:01",1519,"Finisher",NA,01:28:26
"373",1586,"Jennifer Dunlap","United States","Female","F50-54",51,"15:42:46",1487,01:37:48,1913,"7:47:37",1657,"5:55:14",1268,"Finisher",NA,01:37:48
"374",975,"Kathleen Soukup","United States","Female","F50-54",52,"15:43:57",1494,01:32:09,1750,"7:28:01",1479,"6:24:29",1573,"Finisher",NA,01:32:09
"375",1074,"Madeline Norton","United States","Female","F30-34",47,"15:44:08",1497,01:33:17,1792,"7:37:48",1584,"6:12:24",1468,"Finisher",NA,01:33:17
"376",1364,"Nanette Hatch","United States","Female","F55-59",34,"15:44:45",1500,01:23:52,1347,"7:45:50",1641,"6:05:28",1378,"Finisher",NA,01:23:52
"377",1671,"Keri Greene-Maskell","United States","Female","F50-54",53,"15:45:33",1503,01:20:36,1126,"7:54:15",1705,"6:02:27",1349,"Finisher",NA,01:20:36
"378",1963,"Ashley Peacock","United States","Female","F45-49",67,"15:47:09",1511,01:17:12,895,"7:25:39",1452,"6:46:20",1731,"Finisher",NA,01:17:12
"379",1008,"Therese Seely","United States","Female","F55-59",35,"15:47:20",1513,01:17:42,926,"7:41:46",1614,"6:29:26",1613,"Finisher",NA,01:17:42
"380",1107,"Lexi Bohonnon","United States","Female","F30-34",48,"15:48:22",1517,01:29:10,1641,"7:53:21",1698,"6:02:32",1350,"Finisher",NA,01:29:10
"381",828,"Mandy Perl","United States","Female","F40-44",77,"15:49:47",1523,01:23:17,1306,"7:34:47",1549,"6:31:49",1634,"Finisher",NA,01:23:17
"382",822,"Emily Bruno","United States","Female","F40-44",78,"15:50:02",1525,01:37:11,1902,"7:33:37",1534,"6:17:20",1514,"Finisher",NA,01:37:11
"383",1445,"Lauren Mcguire","United States","Female","F35-39",46,"15:50:44",1529,01:25:09,1423,"7:46:12",1645,"6:14:56",1495,"Finisher",NA,01:25:09
"384",1354,"Andrea Berger","United States","Female","F40-44",79,"15:51:17",1533,01:13:26,658,"8:06:41",1799,"6:14:21",1490,"Finisher",NA,01:13:26
"385",832,"Caroline Lettieri","United States","Female","F60-64",8,"15:51:52",1539,01:23:15,1302,"7:34:44",1547,"6:29:33",1616,"Finisher",NA,01:23:15
"386",551,"Krista Simpson","Canada","Female","F25-29",29,"15:51:59",1541,01:20:18,1104,"7:32:46",1517,"6:32:37",1644,"Finisher",NA,01:20:18
"387",1236,"Trish Gutchess","United States","Female","F50-54",54,"15:52:05",1543,01:31:28,1722,"7:32:19",1513,"6:26:46",1595,"Finisher",NA,01:31:28
"388",1273,"Kelly Davis","United States","Female","F35-39",47,"15:52:30",1546,01:38:25,1930,"7:19:26",1371,"6:25:40",1587,"Finisher",NA,01:38:25
"389",1304,"Breanna Kersting","United States","Female","F40-44",80,"15:52:37",1547,01:26:27,1495,"7:57:00",1725,"5:58:33",1310,"Finisher",NA,01:26:27
"390",1587,"Kerry Blackmer","United States","Female","F45-49",68,"15:52:46",1550,01:32:15,1759,"8:16:55",1860,"5:45:04",1155,"Finisher",NA,01:32:15
"391",1752,"Karen Sutton","United States","Female","F45-49",69,"15:53:06",1553,01:29:34,1656,"7:31:51",1510,"6:27:05",1597,"Finisher",NA,01:29:34
"392",1500,"Jennifer Lund","United States","Female","F40-44",81,"15:53:48",1555,01:16:34,851,"7:43:38",1624,"6:31:56",1636,"Finisher",NA,01:16:34
"393",1165,"Cristin Tillinghast","United States","Female","F50-54",55,"15:54:14",1557,01:31:22,1717,"7:53:16",1697,"5:58:47",1311,"Finisher",NA,01:31:22
"394",2050,"Anna Izzo","United States","Female","F25-29",30,"15:54:21",1558,01:30:07,1677,"8:17:55",1866,"5:41:53",1127,"Finisher",NA,01:30:07
"395",1027,"Sarah Purdy","Canada","Female","F40-44",82,"15:54:34",1559,01:25:44,1452,"7:49:55",1677,"6:20:51",1544,"Finisher",NA,01:25:44
"396",1791,"Kelly Kamps","United States","Female","F40-44",83,"15:55:04",1562,01:27:06,1538,"8:32:39",1935,"5:29:08",982,"Finisher",NA,01:27:06
"397",1570,"Shannon Fitzgerald","United States","Female","F30-34",49,"15:56:34",1569,01:09:24,408,"8:37:32",1961,"5:52:06",1233,"Finisher",NA,01:09:24
"398",2166,"Nicole Kraus","United States","Female","F40-44",84,"15:56:36",1571,01:43:45,2034,"8:20:48",1881,"5:24:35",945,"Finisher",NA,01:43:45
"399",1170,"Melanie Neumann","United States","Female","F45-49",70,"15:56:52",1573,01:37:45,1911,"7:08:59",1231,"6:43:50",1720,"Finisher",NA,01:37:45
"400",558,"Michele Fuller","Canada","Female","F55-59",36,"15:56:53",1574,01:27:22,1554,"7:29:43",1493,"6:39:47",1693,"Finisher",NA,01:27:22
"401",630,"Karen Bowers","United States","Female","F40-44",85,"15:58:12",1579,01:34:54,1835,"7:39:54",1605,"6:28:53",1607,"Finisher",NA,01:34:54
"402",2315,"Isabella Winston","United States","Female","F25-29",31,"15:58:27",1580,01:15:01,768,"8:24:02",1894,"5:57:15",1291,"Finisher",NA,01:15:01
"403",738,"Beth Wolfgram","United States","Female","F55-59",37,"15:58:46",1582,01:16:53,873,"8:26:19",1903,"5:49:14",1202,"Finisher",NA,01:16:53
"404",635,"Michelle Kent","United States","Female","F45-49",71,"15:59:27",1586,01:48:48,2085,"8:14:09",1842,"5:27:59",976,"Finisher",NA,01:48:48
"405",926,"Julie Eaton","United States","Female","F50-54",56,"15:59:59",1588,01:35:58,1864,"8:21:37",1886,"5:29:48",990,"Finisher",NA,01:35:58
"406",1683,"Marie Frawley","United States","Female","F55-59",38,"16:02:12",1597,01:23:21,1311,"7:24:09",1434,"6:56:03",1775,"Finisher",NA,01:23:21
"407",1493,"Bernadette Hebert","United States","Female","F60-64",9,"16:02:16",1598,01:27:52,1585,"7:33:23",1533,"6:37:03",1676,"Finisher",NA,01:27:52
"408",1951,"Natalie Quinn","United States","Female","F40-44",86,"16:02:55",1602,01:30:15,1681,"8:37:00",1957,"5:33:35",1022,"Finisher",NA,01:30:15
"409",1580,"Diane Friedlaender","United States","Female","F55-59",39,"16:03:18",1603,01:20:59,1149,"7:33:04",1526,"6:38:45",1687,"Finisher",NA,01:20:59
"410",436,"Cathy Kost","United States","Female","F45-49",72,"16:03:51",1606,01:34:32,1828,"7:32:11",1512,"6:25:56",1588,"Finisher",NA,01:34:32
"411",1397,"Allison Nakisher","United States","Female","F50-54",57,"16:05:00",1608,01:27:40,1571,"7:19:56",1376,"6:46:39",1734,"Finisher",NA,01:27:40
"412",499,"Joann Santorelli Krol","United States","Female","F65-69",2,"16:05:45",1613,01:29:02,1635,"7:42:34",1619,"6:38:02",1683,"Finisher",NA,01:29:02
"413",665,"Tammy Grella","United States","Female","F45-49",73,"16:05:57",1614,01:25:18,1428,"8:21:06",1882,"5:51:49",1232,"Finisher",NA,01:25:18
"414",1093,"Molly Whittaker","United States","Female","F50-54",58,"16:06:40",1616,01:40:14,1970,"7:54:35",1706,"6:06:51",1398,"Finisher",NA,01:40:14
"415",1612,"Diane Amadeo","United States","Female","F60-64",10,"16:07:14",1618,01:28:47,1616,"7:45:13",1637,"6:24:43",1575,"Finisher",NA,01:28:47
"416",836,"Cheryl Bergeron","United States","Female","F55-59",40,"16:07:44",1620,01:15:23,798,"7:37:31",1581,"6:43:17",1716,"Finisher",NA,01:15:23
"417",2129,"James Monahan","United States","Female","M55-59",108,"16:08:31",1623,01:11:56,552,"7:30:46",1502,"7:04:30",1800,"Finisher",NA,01:11:56
"418",927,"Julia Gregoire","United States","Female","F35-39",48,"16:09:56",1630,01:32:45,1775,"8:01:05",1767,"6:04:17",1369,"Finisher",NA,01:32:45
"419",2117,"Anne Lapierre","United States","Female","F45-49",74,"16:10:12",1633,01:21:12,1161,"7:44:22",1629,"6:33:24",1653,"Finisher",NA,01:21:12
"420",2011,"Ashley Roche","Canada","Female","F30-34",50,"16:10:22",1636,01:21:35,1195,"8:10:01",1819,"6:14:02",1485,"Finisher",NA,01:21:35
"421",946,"Jill Beccaris-Pescatore","United States","Female","F50-54",59,"16:11:19",1639,01:37:15,1905,"7:49:38",1672,"6:23:43",1568,"Finisher",NA,01:37:15
"422",1198,"Wendy Colonno","United States","Female","F45-49",75,"16:11:41",1641,01:27:48,1580,"7:37:03",1574,"6:46:46",1735,"Finisher",NA,01:27:48
"423",1734,"Felicia Long","Ireland","Female","F50-54",60,"16:11:41",1642,01:24:11,1371,"7:18:20",1357,"7:05:02",1802,"Finisher",NA,01:24:11
"424",1461,"Emily Kelly","United States","Female","F45-49",76,"16:11:53",1646,01:23:16,1305,"7:15:32",1316,"7:06:14",1804,"Finisher",NA,01:23:16
"425",1318,"Jodi Plante","United States","Female","F45-49",77,"16:12:32",1650,01:21:31,1187,"8:05:50",1796,"6:13:38",1480,"Finisher",NA,01:21:31
"426",2286,"Bridget Hamm","United States","Female","F35-39",49,"16:12:33",1651,01:12:47,623,"7:50:56",1684,"6:46:46",1736,"Finisher",NA,01:12:47
"427",1230,"Ann Stitt","United States","Female","F35-39",50,"16:12:40",1652,01:15:53,818,"7:51:11",1685,"6:39:33",1692,"Finisher",NA,01:15:53
"428",1425,"Jacqlyne Thornton","United States","Female","F35-39",51,"16:14:44",1658,01:35:25,1849,"8:40:38",1971,"5:46:07",1168,"Finisher",NA,01:35:25
"429",1943,"Nicole Papke","Canada","Female","F50-54",61,"16:15:22",1659,01:35:41,1856,"8:23:02",1891,"5:47:44",1187,"Finisher",NA,01:35:41
"430",614,"Andrea Lehman","United States","Female","F50-54",62,"16:15:33",1661,01:44:06,2039,"8:10:40",1824,"6:01:01",1342,"Finisher",NA,01:44:06
"431",1542,"Sue Goldie","United States","Female","F60-64",11,"16:17:02",1663,01:30:58,1702,"7:59:31",1753,"6:03:12",1355,"Finisher",NA,01:30:58
"432",486,"Kerri Dewallace","United States","Female","F55-59",41,"16:18:35",1665,01:32:21,1764,"7:49:47",1676,"6:26:05",1589,"Finisher",NA,01:32:21
"433",634,"Eileen Hidayetoglu","United States","Female","F35-39",52,"16:18:50",1666,01:28:12,1596,"7:54:06",1703,"6:27:31",1601,"Finisher",NA,01:28:12
"434",1563,"Alena Storlie","United States","Female","F35-39",53,"16:18:56",1667,01:42:31,2017,"8:28:41",1914,"5:51:03",1224,"Finisher",NA,01:42:31
"435",2061,"Heather Mackey","United States","Female","F35-39",54,"16:20:18",1672,01:32:13,1756,"8:22:38",1890,"6:07:34",1411,"Finisher",NA,01:32:13
"436",1717,"Erika Banach","United States","Female","F35-39",55,"16:21:15",1674,01:38:07,1922,"8:26:57",1906,"5:55:18",1270,"Finisher",NA,01:38:07
"437",1313,"Laura Wartel","United States","Female","F50-54",63,"16:21:17",1675,01:41:37,1993,"7:57:13",1728,"6:23:43",1569,"Finisher",NA,01:41:37
"438",610,"Madeleine Hale","United States","Female","F25-29",32,"16:22:20",1679,01:21:40,1198,"8:15:42",1855,"6:19:37",1535,"Finisher",NA,01:21:40
"439",2088,"Sarah Olfert","Canada","Female","F40-44",87,"16:22:52",1680,01:31:25,1720,"8:15:27",1854,"6:14:18",1489,"Finisher",NA,01:31:25
"440",913,"Ashley Foster","United States","Female","F18-24",3,"16:23:26",1683,01:23:22,1316,"8:14:06",1841,"6:30:09",1622,"Finisher",NA,01:23:22
"441",1657,"Kelley Hamlin","United States","Female","F50-54",64,"16:23:50",1685,01:19:37,1070,"7:34:35",1544,"7:14:34",1810,"Finisher",NA,01:19:37
"442",2292,"Stephanie Bodor","United States","Female","F50-54",65,"16:24:15",1688,01:32:47,1776,"8:19:10",1872,"6:14:08",1488,"Finisher",NA,01:32:47
"443",1798,"Ellen Sheen","United States","Female","F45-49",78,"16:24:53",1690,01:31:39,1732,"7:57:12",1727,"6:33:18",1651,"Finisher",NA,01:31:39
"444",898,"Robin Hull","Canada","Female","F40-44",88,"16:24:57",1691,01:37:10,1901,"8:00:10",1761,"6:32:05",1639,"Finisher",NA,01:37:10
"445",1498,"Lisa Wojcik","United States","Female","F40-44",89,"16:26:48",1698,01:18:31,985,"7:32:57",1524,"7:15:07",1811,"Finisher",NA,01:18:31
"446",1100,"Beth Resetco","United States","Female","F50-54",66,"16:27:12",1700,01:18:41,999,"8:17:07",1861,"6:22:57",1562,"Finisher",NA,01:18:41
"447",2150,"Anita Schafrick","United States","Female","F50-54",67,"16:28:05",1702,01:37:47,1912,"7:54:08",1704,"6:21:07",1551,"Finisher",NA,01:37:47
"448",782,"Michella Castrataro","United States","Female","F35-39",56,"16:28:20",1705,01:27:04,1536,"8:33:52",1942,"6:00:35",1332,"Finisher",NA,01:27:04
"449",1630,"Corinne Sarmiento","Philippines","Female","F35-39",57,"16:28:55",1708,01:39:59,1964,"7:59:11",1749,"6:19:44",1537,"Finisher",NA,01:39:59
"450",990,"Kristen Develli","United States","Female","F35-39",58,"16:28:58",1709,01:22:03,1217,"8:49:21",1990,"5:56:52",1286,"Finisher",NA,01:22:03
"451",201,"Emily Kolankowski","United States","Female","F30-34",51,"16:29:18",1711,01:28:04,1592,"8:10:10",1821,"6:27:29",1600,"Finisher",NA,01:28:04
"452",1916,"Carol Housaman","United States","Female","F60-64",12,"16:30:22",1717,01:27:51,1583,"7:59:59",1760,"6:41:28",1706,"Finisher",NA,01:27:51
"453",1306,"Lauren Colvin","United States","Female","F45-49",79,"16:32:35",1719,01:26:25,1494,"8:30:56",1924,"6:17:51",1518,"Finisher",NA,01:26:25
"454",1510,"Beverly Burns","United States","Female","F45-49",80,"16:32:48",1720,01:35:08,1840,"8:38:16",1966,"6:00:44",1337,"Finisher",NA,01:35:08
"455",1314,"Lisa Alexander","United States","Female","F50-54",68,"16:32:53",1721,01:28:25,1602,"8:11:27",1828,"6:29:44",1618,"Finisher",NA,01:28:25
"456",719,"Amy Loeb","United States","Female","F40-44",90,"16:33:53",1726,01:50:16,2097,"8:21:24",1885,"5:57:52",1305,"Finisher",NA,01:50:16
"457",597,"Julie Gardner","United States","Female","F60-64",13,"16:34:15",1727,01:29:15,1644,"8:00:58",1766,"6:41:50",1708,"Finisher",NA,01:29:15
"458",1736,"Erin Whitman","Canada","Female","F40-44",91,"16:34:44",1729,01:31:36,1728,"8:03:38",1788,"6:33:45",1658,"Finisher",NA,01:31:36
"459",1713,"Yvonne Case","United States","Female","F55-59",42,"16:34:50",1730,01:34:36,1830,"8:37:00",1958,"6:05:12",1375,"Finisher",NA,01:34:36
"460",885,"Elaine Py Kung","Canada","Female","F45-49",81,"16:34:51",1731,01:30:32,1688,"7:49:24",1670,"6:57:24",1782,"Finisher",NA,01:30:32
"461",1412,"Theresa Bennett","United States","Female","F45-49",82,"16:36:53",1735,01:32:06,1749,"8:10:57",1827,"6:25:05",1580,"Finisher",NA,01:32:06
"462",1420,"Lauren Marx","United States","Female","F35-39",59,"16:37:00",1736,01:36:08,1872,"8:19:00",1870,"6:20:53",1546,"Finisher",NA,01:36:08
"463",846,"Sami Saad","United States","Female","F30-34",52,"16:37:41",1743,01:25:36,1443,"7:50:08",1680,"7:03:03",1796,"Finisher",NA,01:25:36
"464",1694,"Yahel Romem","United States","Female","F25-29",33,"16:38:22",1746,01:38:07,1921,"7:52:29",1692,"6:44:33",1722,"Finisher",NA,01:38:07
"465",1022,"Rebecca Bourque","United States","Female","F50-54",69,"16:38:28",1749,01:27:49,1581,"8:07:40",1807,"6:40:02",1694,"Finisher",NA,01:27:49
"466",487,"Christy Socha","United States","Female","F45-49",84,"16:40:54",1755,01:27:42,1574,"8:50:20",1991,"6:08:17",1418,"Finisher",NA,01:27:42
"467",1980,"Aimee Cochran","United States","Female","F40-44",92,"16:41:20",1757,01:09:00,386,"8:02:21",1779,"7:06:44",1805,"Finisher",NA,01:09:00
"468",623,"Marlo Signoracci","United States","Female","F50-54",70,"16:42:11",1759,01:27:58,1589,"7:53:52",1701,"6:51:58",1759,"Finisher",NA,01:27:58
"469",1667,"Sarah Aloise","United States","Female","F55-59",43,"16:43:23",1762,01:25:50,1455,"8:05:04",1794,"6:51:01",1754,"Finisher",NA,01:25:50
"470",675,"Gina Castellani","United States","Female","F50-54",71,"16:44:08",1764,00:59:35,84,"8:15:18",1851,"6:01:49",1345,"Finisher",NA,59:35:00
"471",1888,"Jessica Myers-Adams","United States","Female","F40-44",93,"16:45:06",1768,01:27:24,1556,"7:58:30",1739,"6:56:53",1777,"Finisher",NA,01:27:24
"472",769,"Theresa Geist","United States","Female","F35-39",60,"16:45:36",1771,01:34:58,1836,"8:09:22",1815,"6:43:32",1718,"Finisher",NA,01:34:58
"473",1325,"Joann Bennett","United States","Female","F50-54",72,"16:45:50",1773,01:31:06,1704,"8:13:58",1840,"6:40:32",1699,"Finisher",NA,01:31:06
"474",2282,"Matthew Picerno","United States","Female","M35-39",155,"16:46:02",1774,01:39:52,1962,"8:29:44",1918,"6:07:13",1402,"Finisher",NA,01:39:52
"475",1492,"Jessica Veneziano-Lemos","United States","Female","F40-44",94,"16:46:19",1776,01:26:31,1501,"8:09:46",1817,"6:47:53",1743,"Finisher",NA,01:26:31
"476",2149,"Lisa Tatun","United States","Female","F60-64",14,"16:46:36",1777,01:19:39,1073,"8:02:59",1785,"6:57:41",1784,"Finisher",NA,01:19:39
"477",816,"Charlotte Johnson","United States","Female","F55-59",44,"16:46:43",1778,01:22:57,1284,"8:02:16",1778,"6:51:58",1760,"Finisher",NA,01:22:57
"478",1544,"Tami Bender","Canada","Female","F45-49",85,"16:47:49",1782,01:45:39,2059,"8:20:34",1879,"6:13:35",1479,"Finisher",NA,01:45:39
"479",119,"Ann Neir","United States","Female","F50-54",73,"16:49:27",1786,01:46:33,2066,"7:56:47",1720,"6:31:59",1637,"Finisher",NA,01:46:33
"480",1909,"Sarah Agner","United States","Female","F25-29",34,"16:49:52",1787,01:12:23,591,"8:34:04",1944,"6:40:46",1701,"Finisher",NA,01:12:23
"481",1620,"Gisellie Francis","United States","Female","F18-24",4,"16:50:33",1789,01:36:06,1871,"8:33:38",1941,"6:16:14",1509,"Finisher",NA,01:36:06
"482",1134,"Kristin Mara","United States","Female","F50-54",74,"16:52:19",1794,01:40:44,1979,"8:31:14",1925,"6:20:32",1542,"Finisher",NA,01:40:44
"483",743,"Nicole Mammina","United States","Female","F35-39",61,"16:53:36",1797,01:32:14,1757,"7:22:14",1404,"7:39:27",1829,"Finisher",NA,01:32:14
"484",2255,"Julia Gabalski","United States","Female","F18-24",5,"16:54:09",1799,01:32:23,1766,"8:34:01",1943,"6:19:00",1528,"Finisher",NA,01:32:23
"485",857,"Lauren Darienzo","United States","Female","F45-49",86,"16:56:42",1806,01:40:18,1972,"8:36:18",1955,"6:23:44",1570,"Finisher",NA,01:40:18
"486",101,"Megan Hale","United States","Female","FPC",NA,"16:58:01",1809,01:49:11,2087,"7:58:19",1734,"6:54:08",1766,"Finisher",NA,01:49:11
"487",1102,"Colleen Dolan-Vanzandt","United States","Female","F50-54",75,"17:16:04",1814,01:30:04,1673,"8:32:33",1933,"6:47:42",1740,"Finisher",NA,01:30:04
"488",447,"Mary Bauer","United States","Female","F50-54",76,"17:19:12",1815,01:27:12,1545,"8:31:34",1929,"6:51:05",1755,"Finisher",NA,01:27:12
"489",448,"Kendra Squindo","United States","Female","F50-54",77,"17:21:23",1816,01:22:23,1239,"8:51:25",1995,"6:35:07",1667,"Finisher",NA,01:22:23
"490",1556,"Katie Reeves","United States","Female","F45-49",NA,NA,NA,NA,NA,NA,NA,NA,NA,"DQ",NA,NA
"491",1839,"Natalie Finegar","United States","Female","F50-54",NA,NA,NA,NA,NA,NA,NA,NA,NA,"DQ",NA,NA
"492",108,"Jillian Jacinth","United States","Female","F25-29",NA,NA,NA,NA,NA,NA,NA,NA,NA,"DNS",NA,NA
"493",127,"Angela Ruane","United States","Female","F40-44",NA,NA,NA,NA,NA,NA,NA,NA,NA,"DNS",NA,NA
"494",130,"Magdalena Shlesinger","South Africa","Female","F50-54",NA,NA,NA,NA,NA,NA,NA,NA,NA,"DNS",NA,NA
"495",175,"Ashley Zaccaro","United States","Female","F25-29",NA,NA,NA,NA,NA,NA,NA,NA,NA,"DNS",NA,NA
"496",179,"Courtney Pierce","Afghanistan","Female","F30-34",NA,NA,NA,NA,NA,NA,NA,NA,NA,"DNS",NA,NA
"497",449,"Elizabeth Dahme","United States","Female","F65-69",NA,NA,NA,NA,NA,NA,NA,NA,NA,"DNS",NA,NA
"498",526,"Elizabeth Kaplanis","United States","Female","F40-44",NA,NA,NA,NA,NA,NA,NA,NA,NA,"DNS",NA,NA
"499",666,"Courtney Pierce","Albania","Female","F30-34",NA,NA,NA,NA,NA,NA,NA,NA,NA,"DNS",NA,NA
"500",681,"Jill Weybrant","United States","Female","F50-54",NA,NA,NA,NA,NA,NA,NA,NA,NA,"DNS",NA,NA
"501",685,"Jessica Brizuela","United States","Female","F30-34",NA,NA,NA,NA,NA,NA,NA,NA,NA,"DNS",NA,NA
"502",774,"Tamara Brummer","United States","Female","F55-59",NA,NA,NA,NA,NA,NA,NA,NA,NA,"DNS",NA,NA
"503",785,"Deborah Beck","United States","Female","F55-59",NA,NA,NA,NA,NA,NA,NA,NA,NA,"DNS",NA,NA
"504",795,"Virginia Lawrence","United States","Female","F45-49",NA,NA,NA,NA,NA,NA,NA,NA,NA,"DNS",NA,NA
"505",873,"Sandi Vigliotti","United States","Female","F55-59",NA,NA,NA,NA,NA,NA,NA,NA,NA,"DNS",NA,NA
"506",874,"Leslie Donovan","United States","Female","F55-59",NA,NA,NA,NA,NA,NA,NA,NA,NA,"DNS",NA,NA
"507",882,"Suzanne Williamson","United States","Female","F55-59",NA,NA,NA,NA,NA,NA,NA,NA,NA,"DNS",NA,NA
"508",928,"Abigail Harris","United States","Female","F30-34",NA,NA,NA,NA,NA,NA,NA,NA,NA,"DNS",NA,NA
"509",941,"Kathleen Bottillo","United States","Female","F55-59",NA,NA,NA,NA,NA,NA,NA,NA,NA,"DNS",NA,NA
"510",1035,"Mandy Howell Mcdonnell","United States","Female","F50-54",NA,NA,NA,NA,NA,NA,NA,NA,NA,"DNS",NA,NA
"511",1147,"Deana Vonschantz","United States","Female","F55-59",NA,NA,NA,NA,NA,NA,NA,NA,NA,"DNS",NA,NA
"512",1184,"Alexandra Muenzberg","United States","Female","F35-39",NA,NA,NA,NA,NA,NA,NA,NA,NA,"DNS",NA,NA
"513",1357,"Kazuyo Kudo","Japan","Female","F50-54",NA,NA,NA,NA,NA,NA,NA,NA,NA,"DNS",NA,NA
"514",1549,"Yoshie Yabu","United States","Female","F50-54",NA,NA,NA,NA,NA,NA,NA,NA,NA,"DNS",NA,NA
"515",1554,"Shari Bashaw","United States","Female","F60-64",NA,NA,NA,NA,NA,NA,NA,NA,NA,"DNS",NA,NA
"516",1594,"Jean Norton","United States","Female","F60-64",NA,NA,NA,NA,NA,NA,NA,NA,NA,"DNS",NA,NA
"517",1645,"Alisha Fransted","United States","Female","F40-44",NA,NA,NA,NA,NA,NA,NA,NA,NA,"DNS",NA,NA
"518",1851,"Mary Beth Lichtneger","United States","Female","F50-54",NA,NA,NA,NA,NA,NA,NA,NA,NA,"DNS",NA,NA
"519",1862,"Lea Ladouceur","Canada","Female","F50-54",NA,NA,NA,NA,NA,NA,NA,NA,NA,"DNS",NA,NA
"520",1889,"Regan Reed","United States","Female","F45-49",NA,NA,NA,NA,NA,NA,NA,NA,NA,"DNS",NA,NA
"521",1891,"Molly Rego","United States","Female","F30-34",NA,NA,NA,NA,NA,NA,NA,NA,NA,"DNS",NA,NA
"522",2172,"Amanda Janosky","United States","Female","F35-39",NA,NA,NA,NA,NA,NA,NA,NA,NA,"DNS",NA,NA
"523",2206,"Soroya Rahaman","United States","Female","F60-64",NA,NA,NA,NA,NA,NA,NA,NA,NA,"DNS",NA,NA
"524",2366,"Denise Kenyon","United States","Female","F45-49",NA,NA,NA,NA,NA,NA,NA,NA,NA,"DNS",NA,NA
"525",8005,"Test Chip","Unknown","Female","FUNKNOWN",NA,NA,NA,NA,NA,NA,NA,NA,NA,"DNS",NA,NA
"526",8006,"Test Chip Pierre","Unknown","Female","FUNKNOWN",NA,NA,NA,NA,NA,NA,NA,NA,NA,"DNS",NA,NA
"527",11,"Amanda Wendorff","United States","Female","FPRO",NA,NA,NA,NA,NA,NA,NA,NA,NA,"DNF",NA,NA
"528",202,"Joanne Rodgers","Canada","Female","F50-54",NA,NA,NA,01:37:36,1908,"9:10:35",2025,NA,NA,"DNF",NA,01:37:36
"529",263,"Andrea Kay","United States","Female","F50-54",NA,NA,NA,01:15:55,820,"7:39:26",1601,NA,NA,"DNF",NA,01:15:55
"530",271,"Rebekah Ash","United States","Female","F25-29",NA,NA,NA,01:04:21,196,"6:43:56",900,NA,NA,"DNF",NA,01:04:21
"531",288,"Amy Farrell","United States","Female","F45-49",NA,NA,NA,01:04:18,195,"5:12:46",49,NA,NA,"DNF",NA,01:04:18
"532",357,"Heather Davidson","United States","Female","F35-39",NA,NA,NA,00:58:43,70,NA,NA,NA,NA,"DNF",NA,58:43:00
"533",361,"Katrina Allen","United States","Female","F30-34",NA,NA,NA,01:13:51,681,"6:57:52",1101,NA,NA,"DNF",NA,01:13:51
"534",384,"Jennifer Rickard","United States","Female","F40-44",NA,NA,NA,01:31:51,1739,"7:55:12",1709,NA,NA,"DNF",NA,01:31:51
"535",460,"Brandi Fitzgerald","United States","Female","F45-49",NA,NA,NA,NA,NA,NA,NA,NA,NA,"DNF",NA,NA
"536",497,"Diane Basso","United States","Female","F70-74",NA,NA,NA,01:42:13,2009,"8:27:06",1907,NA,NA,"DNF",NA,01:42:13
"537",537,"Joanne Vanhorne","United States","Female","F45-49",NA,NA,NA,01:46:00,2062,"8:28:22",1911,NA,NA,"DNF",NA,01:46:00
"538",546,"Heather Frank","United States","Female","F45-49",NA,NA,NA,01:12:58,629,"6:53:53",1036,NA,NA,"DNF",NA,01:12:58
"539",547,"Jilian Pennington","United States","Female","F30-34",NA,NA,NA,01:50:00,2095,NA,NA,NA,NA,"DNF",NA,01:50:00
"540",561,"Caitlin Nicholas","United States","Female","F40-44",NA,NA,NA,01:18:56,1023,"9:11:58",2027,NA,NA,"DNF",NA,01:18:56
"541",567,"Reka Somodi","United States","Female","F40-44",NA,NA,NA,01:39:13,1951,"8:35:03",1949,NA,NA,"DNF",NA,01:39:13
"542",568,"Marthacecilia Haque","United States","Female","F60-64",NA,NA,NA,NA,NA,NA,NA,NA,NA,"DNF",NA,NA
"543",599,"Jennifer Parisi","United States","Female","F50-54",NA,NA,NA,01:28:30,1607,"8:50:41",1994,NA,NA,"DNF",NA,01:28:30
"544",603,"Melissa Tubbs","United States","Female","F45-49",NA,NA,NA,01:38:01,1917,NA,NA,NA,NA,"DNF",NA,01:38:01
"545",607,"Kathleen Fritz","United States","Female","F55-59",NA,NA,NA,01:41:01,1985,"8:20:37",1880,NA,NA,"DNF",NA,01:41:01
"546",613,"Elizabeth Corredor","United States","Female","F40-44",NA,NA,NA,01:03:15,156,NA,NA,NA,NA,"DNF",NA,01:03:15
"547",616,"Anna Fyodorova","United States","Female","F40-44",NA,NA,NA,01:52:33,2107,"5:46:58",216,NA,NA,"DNF",NA,01:52:33
"548",620,"Darci Holland","United States","Female","F40-44",NA,NA,NA,01:33:29,1799,"9:25:24",2039,NA,NA,"DNF",NA,01:33:29
"549",637,"Roxanne Youngs","United States","Female","F65-69",NA,NA,NA,02:08:50,2153,NA,NA,NA,NA,"DNF",NA,02:08:50
"550",647,"Erika Vermill","United States","Female","F45-49",NA,NA,NA,01:33:34,1803,NA,NA,NA,NA,"DNF",NA,01:33:34
"551",649,"Lia Belardo","United States","Female","F40-44",NA,NA,NA,01:52:28,2105,"8:50:29",1993,NA,NA,"DNF",NA,01:52:28
"552",651,"Catherine Branch","United States","Female","F45-49",NA,NA,NA,01:22:40,1260,"7:10:16",1249,NA,NA,"DNF",NA,01:22:40
"553",652,"Claire Bruce","United States","Female","F25-29",NA,NA,NA,01:26:20,1488,"7:22:47",1413,NA,NA,"DNF",NA,01:26:20
"554",658,"Tricia Callahan","United States","Female","F55-59",NA,NA,NA,01:39:36,1959,NA,NA,NA,NA,"DNF",NA,01:39:36
"555",670,"Lauren Robertson","United States","Female","F65-69",NA,NA,NA,01:23:12,1300,"9:10:42",2026,NA,NA,"DNF",NA,01:23:12
"556",671,"Laura Lincoln","United States","Female","F35-39",NA,NA,NA,01:04:25,199,"8:51:35",1996,NA,NA,"DNF",NA,01:04:25
"557",690,"Natalie Zimmerman","United States","Female","F55-59",NA,NA,NA,01:49:26,2089,NA,NA,NA,NA,"DNF",NA,01:49:26
"558",765,"Steph Burke","United States","Female","F40-44",NA,NA,NA,01:32:11,1754,"9:00:18",2012,NA,NA,"DNF",NA,01:32:11
"559",784,"Catherine Walker","Canada","Female","F60-64",NA,NA,NA,NA,NA,NA,NA,NA,NA,"DNF",NA,NA
"560",787,"Amy Euliss","United States","Female","F40-44",NA,NA,NA,01:31:40,1733,"8:32:41",1937,NA,NA,"DNF",NA,01:31:40
"561",791,"Elena Ibarra","United States","Female","F50-54",NA,NA,NA,01:32:15,1760,"9:19:38",2035,NA,NA,"DNF",NA,01:32:15
"562",799,"Julie Jenkins","United States","Female","F35-39",NA,NA,NA,01:36:52,1891,"3:29:12",1,NA,NA,"DNF",NA,01:36:52
"563",821,"Barbara Wood","United States","Female","F50-54",NA,NA,NA,01:35:12,1843,"8:02:36",1780,NA,NA,"DNF",NA,01:35:12
"564",841,"Maureen Mcaloon","United States","Female","F60-64",NA,NA,NA,01:09:17,400,NA,NA,NA,NA,"DNF",NA,01:09:17
"565",868,"Tiffany Appleton","United States","Female","F50-54",NA,NA,NA,01:30:42,1692,"8:06:46",1801,NA,NA,"DNF",NA,01:30:42
"566",903,"Rachel Mcardle","United States","Female","F45-49",NA,NA,NA,NA,NA,NA,NA,NA,NA,"DNF",NA,NA
"567",934,"Christine Lennon","United States","Female","F40-44",NA,NA,NA,01:37:02,1897,"8:56:18",2004,NA,NA,"DNF",NA,01:37:02
"568",978,"Maria Islas","Mexico","Female","F55-59",NA,NA,NA,NA,NA,NA,NA,NA,NA,"DNF",NA,NA
"569",1016,"Denise Escher","United States","Female","F50-54",NA,NA,NA,01:26:12,1474,NA,NA,NA,NA,"DNF",NA,01:26:12
"570",1023,"Carolyn Shea","United States","Female","F65-69",NA,NA,NA,01:34:22,1824,"8:46:03",1982,NA,NA,"DNF",NA,01:34:22
"571",1036,"Lori Morgan","United States","Female","F60-64",NA,NA,NA,01:40:17,1971,"8:49:04",1988,NA,NA,"DNF",NA,01:40:17
"572",1042,"Amy Reutenauer","United States","Female","F45-49",NA,NA,NA,01:18:02,944,NA,NA,NA,NA,"DNF",NA,01:18:02
"573",1051,"Kristen Wilson","United States","Female","F45-49",NA,NA,NA,01:07:04,302,"5:59:09",315,NA,NA,"DNF",NA,01:07:04
"574",1086,"Jill Basile","United States","Female","F55-59",NA,NA,NA,01:20:21,1109,NA,NA,NA,NA,"DNF",NA,01:20:21
"575",1105,"Gigi Boswell","United States","Female","F60-64",NA,NA,NA,01:09:41,421,"7:10:18",1250,NA,NA,"DNF",NA,01:09:41
"576",1143,"Iris Nafshi","United States","Female","F50-54",NA,NA,NA,01:14:59,766,NA,NA,NA,NA,"DNF",NA,01:14:59
"577",1176,"Lisa Crockford","United States","Female","F50-54",NA,NA,NA,02:07:25,2149,"8:59:43",2011,NA,NA,"DNF",NA,02:07:25
"578",1191,"Jennifer Clinton","United States","Female","F40-44",NA,NA,NA,NA,NA,NA,NA,NA,NA,"DNF",NA,NA
"579",1192,"Melissa Crane","United States","Female","F50-54",NA,NA,NA,01:58:45,2130,NA,NA,NA,NA,"DNF",NA,01:58:45
"580",1193,"Angela Sprau","United States","Female","F55-59",NA,NA,NA,01:13:35,668,NA,NA,NA,NA,"DNF",NA,01:13:35
"581",1214,"Angela Farwell","Canada","Female","F35-39",NA,NA,NA,01:31:59,1746,"8:55:42",2003,NA,NA,"DNF",NA,01:31:59
"582",1220,"Jennifer Ross","United States","Female","F45-49",NA,NA,NA,01:42:52,2022,NA,NA,NA,NA,"DNF",NA,01:42:52
"583",1244,"Jennifer Sabbagh","United States","Female","F50-54",NA,NA,NA,01:32:21,1763,"9:04:32",2016,NA,NA,"DNF",NA,01:32:21
"584",1247,"Laura Lewis","United States","Female","F55-59",NA,NA,NA,01:40:27,1975,"8:31:28",1927,NA,NA,"DNF",NA,01:40:27
"585",1253,"Meredith Piel","United States","Female","F35-39",NA,NA,NA,01:20:37,1128,NA,NA,NA,NA,"DNF",NA,01:20:37
"586",1280,"Marisa Forti","United States","Female","F40-44",NA,NA,NA,01:32:21,1762,"9:21:29",2036,NA,NA,"DNF",NA,01:32:21
"587",1298,"Vanessa Bettencourt","United States","Female","F35-39",NA,NA,NA,01:09:17,398,"6:56:40",1088,NA,NA,"DNF",NA,01:09:17
"588",1307,"Theresa Sanlorenzo-Caswell","United States","Female","F60-64",NA,NA,NA,01:31:28,1721,NA,NA,NA,NA,"DNF",NA,01:31:28
"589",1363,"Kristen Hislop","United States","Female","F55-59",NA,NA,NA,01:10:55,490,NA,NA,NA,NA,"DNF",NA,01:10:55
"590",1390,"Holli Mulholland","United States","Female","F45-49",NA,NA,NA,01:30:22,1685,NA,NA,NA,NA,"DNF",NA,01:30:22
"591",1414,"Janel Pidgeon","United States","Female","F50-54",NA,NA,NA,01:34:42,1832,NA,NA,NA,NA,"DNF",NA,01:34:42
"592",1481,"Sheryl Bogardus","United States","Female","F50-54",NA,NA,NA,01:36:15,1876,"8:38:01",1965,NA,NA,"DNF",NA,01:36:15
"593",1487,"Amy Wilcox","United States","Female","F35-39",NA,NA,NA,NA,NA,NA,NA,NA,NA,"DNF",NA,NA
"594",1489,"Debra Robinson","United States","Female","F55-59",NA,NA,NA,01:23:04,1290,"9:05:53",2017,NA,NA,"DNF",NA,01:23:04
"595",1497,"Devon Santos","United States","Female","F45-49",NA,NA,NA,01:22:06,1222,"6:48:57",970,NA,NA,"DNF",NA,01:22:06
"596",1511,"Stefani Palazzi","United States","Female","F50-54",NA,NA,NA,NA,NA,NA,NA,NA,NA,"DNF",NA,NA
"597",1525,"Arezou Montgomery","United States","Female","F50-54",NA,NA,NA,02:02:23,2143,"8:28:25",1912,NA,NA,"DNF",NA,02:02:23
"598",1573,"Karen Viger","United Kingdom","Female","F50-54",NA,NA,NA,01:26:27,1498,"7:18:05",1353,NA,NA,"DNF",NA,01:26:27
"599",1595,"Jennifer Schubert-Akin","United States","Female","F65-69",NA,NA,NA,01:42:38,2019,"8:35:47",1953,NA,NA,"DNF",NA,01:42:38
"600",1709,"Tammy Grossberndt","United States","Female","F55-59",NA,NA,NA,01:44:21,2042,NA,NA,NA,NA,"DNF",NA,01:44:21
"601",1722,"Joanna Grossman","United States","Female","F50-54",NA,NA,NA,01:18:40,998,"9:14:26",2031,NA,NA,"DNF",NA,01:18:40
"602",1728,"Elizabeth Kaslusky","United States","Female","F50-54",NA,NA,NA,01:18:14,962,"7:50:07",1679,NA,NA,"DNF",NA,01:18:14
"603",1792,"Donna Ward","United States","Female","F65-69",NA,NA,NA,01:54:03,2113,NA,NA,NA,NA,"DNF",NA,01:54:03
"604",1795,"Ruth Spadzinski","Canada","Female","F40-44",NA,NA,NA,01:34:24,1826,"8:45:44",1979,"5:54:23",1257,"DNF",NA,01:34:24
"605",1822,"Patricia Mangine","United States","Female","F45-49",NA,NA,NA,02:07:01,2148,"8:25:36",1900,NA,NA,"DNF",NA,02:07:01
"606",1840,"Jane Brown","United States","Female","F55-59",NA,NA,NA,01:44:00,2037,"8:47:22",1985,NA,NA,"DNF",NA,01:44:00
"607",1865,"Ginny Cataldi","United States","Female","F45-49",NA,NA,NA,01:02:10,129,NA,NA,NA,NA,"DNF",NA,01:02:10
"608",1911,"Lori Mcdonald","United States","Female","F60-64",NA,NA,NA,01:12:27,595,"8:07:19",1804,NA,NA,"DNF",NA,01:12:27
"609",1913,"Margaret Jackson","United States","Female","F35-39",NA,NA,NA,01:30:41,1691,"8:54:15",2000,"6:07:22",1406,"DNF",NA,01:30:41
"610",1945,"Holly Schultz","United States","Female","F40-44",NA,NA,NA,01:21:17,1170,"9:35:49",2044,NA,NA,"DNF",NA,01:21:17
"611",1968,"Kathryn Perry","United States","Female","F55-59",NA,NA,NA,01:42:40,2020,"9:12:52",2028,NA,NA,"DNF",NA,01:42:40
"612",1985,"Lindsey Stasko","United States","Female","F40-44",NA,NA,NA,01:50:53,2099,"8:31:32",1928,"6:04:38",1371,"DNF",NA,01:50:53
"613",2013,"Lise Munsie","Canada","Female","F35-39",NA,NA,NA,01:07:00,297,NA,NA,NA,NA,"DNF",NA,01:07:00
"614",2032,"Lauren Markoe","United States","Female","F25-29",NA,NA,NA,01:27:03,1535,"7:45:45",1640,NA,NA,"DNF",NA,01:27:03
"615",2052,"Allison Lanesmith","Canada","Female","F18-24",NA,NA,NA,01:18:28,980,"6:02:41",362,NA,NA,"DNF",NA,01:18:28
"616",2057,"Kristen Roe","United States","Female","F50-54",NA,NA,NA,01:21:20,1174,"6:51:49",998,NA,NA,"DNF",NA,01:21:20
"617",2062,"Andrea Velas","United States","Female","F40-44",NA,NA,NA,01:52:10,2104,NA,NA,NA,NA,"DNF",NA,01:52:10
"618",2087,"Chlo├⌐ Beaudoin","Canada","Female","F18-24",NA,NA,NA,01:36:47,1888,"8:36:10",1954,NA,NA,"DNF",NA,01:36:47
"619",2109,"Natalie Holland","United States","Female","F30-34",NA,NA,NA,01:33:28,1798,NA,NA,NA,NA,"DNF",NA,01:33:28
"620",2201,"Colombine Bergsten","United States","Female","F30-34",NA,NA,NA,01:39:27,1956,"8:21:45",1887,NA,NA,"DNF",NA,01:39:27
"621",2225,"Jennifer Ohrberg","United States","Female","F30-34",NA,NA,NA,01:49:19,2088,"8:46:11",1983,NA,NA,"DNF",NA,01:49:19
"622",2232,"Emily Loucks","United States","Female","F18-24",NA,NA,NA,01:15:20,794,NA,NA,NA,NA,"DNF",NA,01:15:20
"623",2259,"Victoria Rasnake","United States","Female","F30-34",NA,NA,NA,01:39:14,1952,"9:01:54",2014,NA,NA,"DNF",NA,01:39:14
"624",2316,"Alexandra Cobourn","United States","Female","F25-29",NA,NA,NA,NA,NA,NA,NA,NA,NA,"DNF",NA,NA
"625",2338,"Elizabeth Westbrook","United States","Female","F35-39",NA,NA,NA,01:23:16,1304,NA,NA,NA,NA,"DNF",NA,01:23:16
"626",2348,"Sara Scinto-Madonich","United States","Female","F25-29",NA,NA,NA,01:27:39,1569,"8:56:35",2006,NA,NA,"DNF",NA,01:27:39
